token,class,count
0,SSI_high,23
0,SSI_low,82
0kg,SSI_high,0
0kg,SSI_low,1
0km,SSI_high,1
0km,SSI_low,0
0件,SSI_high,0
0件,SSI_low,2
0分,SSI_high,0
0分,SSI_low,1
0回,SSI_high,0
0回,SSI_low,2
0回目,SSI_high,0
0回目,SSI_low,1
0度,SSI_high,0
0度,SSI_low,1
0時,SSI_high,4
0時,SSI_low,16
0本,SSI_high,0
0本,SSI_low,2
???,SSI_high,0
???,SSI_low,1
ae,SSI_high,2
ae,SSI_low,0
am,SSI_high,0
am,SSI_low,1
ap,SSI_high,1
ap,SSI_low,0
bad,SSI_high,0
bad,SSI_low,1
bid,SSI_high,0
bid,SSI_low,1
board,SSI_high,0
board,SSI_low,1
c,SSI_high,0
c,SSI_low,33
can,SSI_high,0
can,SSI_low,1
cm,SSI_high,0
cm,SSI_low,1
cn,SSI_high,0
cn,SSI_low,1
d,SSI_high,1
d,SSI_low,1
d0,SSI_high,1
d0,SSI_low,3
dmm,SSI_high,0
dmm,SSI_low,1
ecd,SSI_high,0
ecd,SSI_low,1
excel,SSI_high,1
excel,SSI_low,0
g,SSI_high,1
g,SSI_low,0
hasso,SSI_high,1
hasso,SSI_low,0
hassopicks,SSI_high,0
hassopicks,SSI_low,1
hp,SSI_high,0
hp,SSI_low,1
insides,SSI_high,1
insides,SSI_low,1
job,SSI_high,0
job,SSI_low,1
jr,SSI_high,0
jr,SSI_low,1
ksp,SSI_high,0
ksp,SSI_low,1
ldlコレステロール,SSI_high,1
ldlコレステロール,SSI_low,0
m,SSI_high,2
m,SSI_low,0
mac,SSI_high,1
mac,SSI_low,0
max,SSI_high,0
max,SSI_low,1
mba,SSI_high,1
mba,SSI_low,0
mdb,SSI_high,0
mdb,SSI_low,1
mtg,SSI_high,4
mtg,SSI_low,44
must,SSI_high,0
must,SSI_low,1
mysos,SSI_high,0
mysos,SSI_low,1
n,SSI_high,0
n,SSI_low,1
nintendo,SSI_high,0
nintendo,SSI_low,1
no,SSI_high,0
no,SSI_low,1
ok,SSI_high,1
ok,SSI_low,0
on,SSI_high,0
on,SSI_low,1
op,SSI_high,1
op,SSI_low,0
ow,SSI_high,0
ow,SSI_low,1
pc,SSI_high,3
pc,SSI_low,0
pcr,SSI_high,0
pcr,SSI_low,1
pp,SSI_high,0
pp,SSI_low,1
ppm,SSI_high,0
ppm,SSI_low,1
q,SSI_high,1
q,SSI_low,0
qbb,SSI_high,0
qbb,SSI_low,1
rbc,SSI_high,0
rbc,SSI_low,1
s,SSI_high,1
s,SSI_low,1
shift,SSI_high,0
shift,SSI_low,1
sw,SSI_high,1
sw,SSI_low,1
t,SSI_high,1
t,SSI_low,0
tips,SSI_high,1
tips,SSI_low,0
tl,SSI_high,1
tl,SSI_low,0
todo,SSI_high,0
todo,SSI_low,1
tree,SSI_high,0
tree,SSI_low,1
tw,SSI_high,0
tw,SSI_low,1
up,SSI_high,0
up,SSI_low,2
usj,SSI_high,1
usj,SSI_low,0
usjcmp,SSI_high,0
usjcmp,SSI_low,1
usjmtg,SSI_high,1
usjmtg,SSI_low,0
w,SSI_high,1
w,SSI_low,0
will,SSI_high,0
will,SSI_low,1
ws,SSI_high,3
ws,SSI_low,0
ww,SSI_high,0
ww,SSI_low,1
youtuber,SSI_high,0
youtuber,SSI_low,1
yt,SSI_high,0
yt,SSI_low,1
zoom,SSI_high,0
zoom,SSI_low,1
z世代,SSI_high,1
z世代,SSI_low,0
〆切,SSI_high,3
〆切,SSI_low,1
あいさつ,SSI_high,0
あいさつ,SSI_low,1
あした,SSI_high,1
あした,SSI_low,0
あっというま,SSI_high,0
あっというま,SSI_low,1
あっという間,SSI_high,0
あっという間,SSI_low,1
あと,SSI_high,5
あと,SSI_low,5
あまり,SSI_high,1
あまり,SSI_low,1
ありがた,SSI_high,1
ありがた,SSI_low,1
ありがたい,SSI_high,2
ありがたい,SSI_low,0
ありがたかっ,SSI_high,0
ありがたかっ,SSI_low,1
あれ,SSI_high,1
あれ,SSI_low,0
あれだけ,SSI_high,1
あれだけ,SSI_low,2
いい,SSI_high,18
いい,SSI_low,10
いいじゃない,SSI_high,1
いいじゃない,SSI_low,0
いいね,SSI_high,0
いいね,SSI_low,1
いいね!,SSI_high,0
いいね!,SSI_low,1
いいもの,SSI_high,0
いいもの,SSI_low,1
いかよう,SSI_high,1
いかよう,SSI_low,0
いくつ,SSI_high,0
いくつ,SSI_low,1
いくつになっても,SSI_high,1
いくつになっても,SSI_low,0
いずれ,SSI_high,0
いずれ,SSI_low,1
いそがしかっ,SSI_high,1
いそがしかっ,SSI_low,0
いち,SSI_high,0
いち,SSI_low,1
いちばん,SSI_high,1
いちばん,SSI_low,0
いっさい,SSI_high,0
いっさい,SSI_low,1
いって,SSI_high,0
いって,SSI_low,2
いつ,SSI_high,1
いつ,SSI_low,1
いや,SSI_high,0
いや,SSI_low,1
い人,SSI_high,1
い人,SSI_low,0
い表,SSI_high,0
い表,SSI_low,1
うち,SSI_high,1
うち,SSI_low,0
うまい,SSI_high,2
うまい,SSI_low,0
うまく,SSI_high,5
うまく,SSI_low,8
うれし,SSI_high,0
うれし,SSI_low,1
うれしい,SSI_high,3
うれしい,SSI_low,3
うれしいこと。,SSI_high,1
うれしいこと。,SSI_low,0
うれしかっ,SSI_high,0
うれしかっ,SSI_low,2
うれしく,SSI_high,1
うれしく,SSI_low,0
おいしい,SSI_high,1
おいしい,SSI_low,1
おいしかっ,SSI_high,0
おいしかっ,SSI_low,1
おかけ,SSI_high,1
おかけ,SSI_low,0
おかげ,SSI_high,0
おかげ,SSI_low,2
おかしく,SSI_high,0
おかしく,SSI_low,1
おしまい,SSI_high,1
おしまい,SSI_low,0
おっくう,SSI_high,1
おっくう,SSI_low,0
おつまみ,SSI_high,1
おつまみ,SSI_low,0
おなか,SSI_high,1
おなか,SSI_low,0
おはよう,SSI_high,0
おはよう,SSI_low,1
おば,SSI_high,1
おば,SSI_low,0
おやつ,SSI_high,0
おやつ,SSI_low,1
お世話,SSI_high,1
お世話,SSI_low,0
お土産,SSI_high,1
お土産,SSI_low,0
お好み焼き,SSI_high,1
お好み焼き,SSI_low,0
お昼,SSI_high,4
お昼,SSI_low,0
お祝い,SSI_high,3
お祝い,SSI_low,0
お花,SSI_high,1
お花,SSI_low,0
お茶の間,SSI_high,0
お茶の間,SSI_low,1
お迎え,SSI_high,1
お迎え,SSI_low,0
お酒,SSI_high,1
お酒,SSI_low,0
お願い,SSI_high,0
お願い,SSI_low,1
かい,SSI_high,0
かい,SSI_low,2
かき氷,SSI_high,1
かき氷,SSI_low,1
かけこみ,SSI_high,0
かけこみ,SSI_low,1
かん,SSI_high,0
かん,SSI_low,1
か月,SSI_high,1
か月,SSI_low,2
がち,SSI_high,0
がち,SSI_low,1
がよく,SSI_high,0
がよく,SSI_low,1
がわり,SSI_high,0
がわり,SSI_low,1
がん,SSI_high,1
がん,SSI_low,0
がんばろう,SSI_high,2
がんばろう,SSI_low,0
がんばん,SSI_high,0
がんばん,SSI_low,1
きた,SSI_high,0
きた,SSI_low,1
きっかけ,SSI_high,0
きっかけ,SSI_low,3
きつい,SSI_high,1
きつい,SSI_low,0
きょう,SSI_high,1
きょう,SSI_low,2
きょうか,SSI_high,1
きょうか,SSI_low,0
きれい,SSI_high,1
きれい,SSI_low,0
き合い,SSI_high,0
き合い,SSI_low,1
くさ,SSI_high,0
くさ,SSI_low,1
くだらない,SSI_high,1
くだらない,SSI_low,0
げんなり,SSI_high,0
げんなり,SSI_low,1
こ,SSI_high,0
こ,SSI_low,1
ここ,SSI_high,1
ここ,SSI_low,1
こちら,SSI_high,2
こちら,SSI_low,1
こっち,SSI_high,0
こっち,SSI_low,1
こども,SSI_high,1
こども,SSI_low,0
このまま,SSI_high,1
このまま,SSI_low,3
ごと,SSI_high,1
ごと,SSI_low,1
ごはん,SSI_high,1
ごはん,SSI_low,2
ご挨拶,SSI_high,1
ご挨拶,SSI_low,0
ご飯,SSI_high,3
ご飯,SSI_low,3
ご馳走,SSI_high,0
ご馳走,SSI_low,1
さ,SSI_high,1
さ,SSI_low,13
さい,SSI_high,0
さい,SSI_low,1
さかな,SSI_high,1
さかな,SSI_low,0
さく裂,SSI_high,0
さく裂,SSI_low,1
さだ,SSI_high,0
さだ,SSI_low,1
さっき,SSI_high,0
さっき,SSI_low,1
さん,SSI_high,6
さん,SSI_low,16
ざわちん,SSI_high,0
ざわちん,SSI_low,1
しそう,SSI_high,0
しそう,SSI_low,1
した,SSI_high,0
した,SSI_low,1
したこと,SSI_high,0
したこと,SSI_low,1
しな,SSI_high,0
しな,SSI_low,1
しない,SSI_high,1
しない,SSI_low,0
しながら,SSI_high,1
しながら,SSI_low,0
しょう,SSI_high,0
しょう,SSI_low,1
しょうが,SSI_high,1
しょうが,SSI_low,0
しよう,SSI_high,1
しよう,SSI_low,1
しんど,SSI_high,0
しんど,SSI_low,1
しんどい,SSI_high,1
しんどい,SSI_low,9
しんどく,SSI_high,0
しんどく,SSI_low,1
じまい,SSI_high,0
じまい,SSI_low,1
すごい,SSI_high,1
すごい,SSI_low,0
すごく,SSI_high,2
すごく,SSI_low,0
すっごく,SSI_high,1
すっごく,SSI_low,0
すべて,SSI_high,0
すべて,SSI_low,1
すむーず,SSI_high,1
すむーず,SSI_low,0
すり合わせ,SSI_high,1
すり合わせ,SSI_low,0
せい,SSI_high,0
せい,SSI_low,3
そう,SSI_high,7
そう,SSI_low,15
そうだ,SSI_high,0
そうだ,SSI_low,2
そこ,SSI_high,1
そこ,SSI_low,2
そのため,SSI_high,1
そのため,SSI_low,1
その後,SSI_high,3
その後,SSI_low,3
それぞれ,SSI_high,2
それぞれ,SSI_low,1
それなり,SSI_high,1
それなり,SSI_low,1
たくさん,SSI_high,1
たくさん,SSI_low,3
ただ,SSI_high,1
ただ,SSI_low,0
たち,SSI_high,0
たち,SSI_low,2
たのしかっ,SSI_high,1
たのしかっ,SSI_low,0
たま,SSI_high,1
たま,SSI_low,3
だし,SSI_high,1
だし,SSI_low,0
だめ,SSI_high,0
だめ,SSI_low,1
だらけ,SSI_high,0
だらけ,SSI_low,1
ちく,SSI_high,0
ちく,SSI_low,1
ちゃん,SSI_high,1
ちゃん,SSI_low,0
ちゃんぽん,SSI_high,1
ちゃんぽん,SSI_low,0
っぱなし,SSI_high,1
っぱなし,SSI_low,0
っぽ,SSI_high,0
っぽ,SSI_low,1
つかれ,SSI_high,0
つかれ,SSI_low,1
つながり,SSI_high,0
つながり,SSI_low,1
つぶやき,SSI_high,0
つぶやき,SSI_low,1
つめ,SSI_high,0
つめ,SSI_low,1
つもり,SSI_high,0
つもり,SSI_low,1
つらい,SSI_high,0
つらい,SSI_low,3
つらかっ,SSI_high,0
つらかっ,SSI_low,2
づくり,SSI_high,0
づくり,SSI_low,2
づらく,SSI_high,0
づらく,SSI_low,1
てつじ,SSI_high,1
てつじ,SSI_low,0
てにをは,SSI_high,0
てにをは,SSI_low,1
でんや,SSI_high,1
でんや,SSI_low,0
とき,SSI_high,2
とき,SSI_low,2
とたん,SSI_high,0
とたん,SSI_low,1
とてつもなく,SSI_high,0
とてつもなく,SSI_low,1
とはいえ,SSI_high,0
とはいえ,SSI_low,1
とも,SSI_high,1
とも,SSI_low,1
どこ,SSI_high,0
どこ,SSI_low,1
どこか,SSI_high,0
どこか,SSI_low,2
どれ,SSI_high,0
どれ,SSI_low,3
な,SSI_high,0
な,SSI_low,1
ない,SSI_high,10
ない,SSI_low,19
ないか,SSI_high,1
ないか,SSI_low,0
ないと,SSI_high,0
ないと,SSI_low,1
ない所,SSI_high,0
ない所,SSI_low,1
なか,SSI_high,1
なか,SSI_low,0
なかっ,SSI_high,0
なかっ,SSI_low,3
なく,SSI_high,6
なく,SSI_low,10
なけれ,SSI_high,0
なけれ,SSI_low,1
なし,SSI_high,0
なし,SSI_low,2
なに,SSI_high,1
なに,SSI_low,0
なにわ男子,SSI_high,0
なにわ男子,SSI_low,1
なのか,SSI_high,0
なのか,SSI_low,1
ならでは,SSI_high,1
ならでは,SSI_low,0
なるし,SSI_high,0
なるし,SSI_low,1
なん,SSI_high,0
なん,SSI_low,2
なんだろう,SSI_high,1
なんだろう,SSI_low,0
なんとか,SSI_high,0
なんとか,SSI_low,1
にくい,SSI_high,0
にくい,SSI_low,1
にくたらしかっ,SSI_high,0
にくたらしかっ,SSI_low,1
の,SSI_high,19
の,SSI_low,46
はじまり、,SSI_high,0
はじまり、,SSI_low,1
はず,SSI_high,0
はず,SSI_low,2
はと,SSI_high,1
はと,SSI_low,0
はやい,SSI_high,0
はやい,SSI_low,1
はやく,SSI_high,0
はやく,SSI_low,1
はらいそ,SSI_high,0
はらいそ,SSI_low,3
はらわた,SSI_high,1
はらわた,SSI_low,0
ばる,SSI_high,1
ばる,SSI_low,0
ぱつい,SSI_high,0
ぱつい,SSI_low,1
ひじ,SSI_high,0
ひじ,SSI_low,1
ひたすらに,SSI_high,1
ひたすらに,SSI_low,0
ひとり,SSI_high,0
ひとり,SSI_low,1
ひと時,SSI_high,0
ひと時,SSI_low,1
ひと頑張り,SSI_high,1
ひと頑張り,SSI_low,0
ふう,SSI_high,0
ふう,SSI_low,1
ふり,SSI_high,1
ふり,SSI_low,1
ぶり,SSI_high,1
ぶり,SSI_low,2
ぷらまい,SSI_high,1
ぷらまい,SSI_low,0
ほしい,SSI_high,0
ほしい,SSI_low,4
ほっと,SSI_high,0
ほっと,SSI_low,1
ほんとうに,SSI_high,1
ほんとうに,SSI_low,0
ほんま,SSI_high,0
ほんま,SSI_low,2
まくり,SSI_high,0
まくり,SSI_low,1
まし,SSI_high,0
まし,SSI_low,1
まずい,SSI_high,0
まずい,SSI_low,2
まっしょ,SSI_high,0
まっしょ,SSI_low,1
まとも,SSI_high,0
まとも,SSI_low,2
まま,SSI_high,2
まま,SSI_low,0
みたい,SSI_high,1
みたい,SSI_low,0
みなさま,SSI_high,0
みなさま,SSI_low,1
みんな,SSI_high,4
みんな,SSI_low,6
みんな頑張ってる,SSI_high,1
みんな頑張ってる,SSI_low,0
むなしく,SSI_high,0
むなしく,SSI_low,1
め,SSI_high,1
め,SSI_low,1
めちゃくちゃ,SSI_high,4
めちゃくちゃ,SSI_low,0
めんどくさい,SSI_high,0
めんどくさい,SSI_low,1
ものすごく,SSI_high,1
ものすごく,SSI_low,3
もん,SSI_high,0
もん,SSI_low,1
やさしく,SSI_high,0
やさしく,SSI_low,1
やすい,SSI_high,0
やすい,SSI_low,1
やすく,SSI_high,1
やすく,SSI_low,2
やばい,SSI_high,0
やばい,SSI_low,1
やむなし,SSI_high,1
やむなし,SSI_low,0
やめ,SSI_high,0
やめ,SSI_low,1
ややこしい,SSI_high,0
ややこしい,SSI_low,1
やり方,SSI_high,0
やり方,SSI_low,1
やる気,SSI_high,1
やる気,SSI_low,3
やろう,SSI_high,0
やろう,SSI_low,1
ゆう,SSI_high,1
ゆう,SSI_low,0
ゆえ,SSI_high,0
ゆえ,SSI_low,1
ゆり,SSI_high,1
ゆり,SSI_low,0
ゆるく,SSI_high,0
ゆるく,SSI_low,1
ゆるめ,SSI_high,0
ゆるめ,SSI_low,1
よい,SSI_high,3
よい,SSI_low,2
ようやく,SSI_high,0
ようやく,SSI_low,3
よう気,SSI_high,1
よう気,SSI_low,0
よかっ,SSI_high,5
よかっ,SSI_low,12
よく,SSI_high,1
よく,SSI_low,1
よし,SSI_high,1
よし,SSI_low,1
ら,SSI_high,0
ら,SSI_low,1
らい,SSI_high,0
らい,SSI_low,1
わく,SSI_high,0
わく,SSI_low,1
わけ,SSI_high,2
わけ,SSI_low,1
ん,SSI_high,3
ん,SSI_low,9
アイデア,SSI_high,1
アイデア,SSI_low,1
アイドル,SSI_high,0
アイドル,SSI_low,1
アウトプット,SSI_high,0
アウトプット,SSI_low,1
アクション,SSI_high,1
アクション,SSI_low,1
アコーディア,SSI_high,1
アコーディア,SSI_low,1
アプリ,SSI_high,1
アプリ,SSI_low,2
アホ,SSI_high,0
アホ,SSI_low,1
アポ,SSI_high,0
アポ,SSI_low,1
アポイント,SSI_high,1
アポイント,SSI_low,0
アルコール,SSI_high,0
アルコール,SSI_low,1
イケてる,SSI_high,0
イケてる,SSI_low,1
イチジク,SSI_high,0
イチジク,SSI_low,1
イデオロギー,SSI_high,1
イデオロギー,SSI_low,0
イマイチ,SSI_high,0
イマイチ,SSI_low,2
イメージ,SSI_high,1
イメージ,SSI_low,1
イルランピオーネ,SSI_high,0
イルランピオーネ,SSI_low,1
インタビュー,SSI_high,0
インタビュー,SSI_low,1
インナー,SSI_high,0
インナー,SSI_low,1
インナーモチベーションアップ,SSI_high,0
インナーモチベーションアップ,SSI_low,1
インバウンド,SSI_high,1
インバウンド,SSI_low,0
インプット,SSI_high,1
インプット,SSI_low,1
ウナギ,SSI_high,0
ウナギ,SSI_low,1
エキサイティング,SSI_high,1
エキサイティング,SSI_low,0
エクセル,SSI_high,0
エクセル,SSI_low,1
エスカレート,SSI_high,0
エスカレート,SSI_low,1
エステム,SSI_high,1
エステム,SSI_low,0
エラー,SSI_high,0
エラー,SSI_low,1
オクトーバーフェスト,SSI_high,1
オクトーバーフェスト,SSI_low,0
オリエン,SSI_high,1
オリエン,SSI_low,0
オンライン,SSI_high,2
オンライン,SSI_low,4
オーキッド,SSI_high,0
オーキッド,SSI_low,2
カット,SSI_high,1
カット,SSI_low,0
カピルス,SSI_high,1
カピルス,SSI_low,0
カラオケ,SSI_high,1
カラオケ,SSI_low,0
カラダ,SSI_high,1
カラダ,SSI_low,0
カレー,SSI_high,0
カレー,SSI_low,1
カンパニー,SSI_high,0
カンパニー,SSI_low,1
ガイド,SSI_high,0
ガイド,SSI_low,1
ガスト,SSI_high,1
ガスト,SSI_low,0
ガッツ,SSI_high,1
ガッツ,SSI_low,0
キックオフ,SSI_high,2
キックオフ,SSI_low,3
キャパオーバー,SSI_high,0
キャパオーバー,SSI_low,1
キャリアデザイン,SSI_high,1
キャリアデザイン,SSI_low,1
キャリアプラン,SSI_high,1
キャリアプラン,SSI_low,0
キリン堂,SSI_high,1
キリン堂,SSI_low,0
キーパーソン,SSI_high,0
キーパーソン,SSI_low,1
キーワード,SSI_high,0
キーワード,SSI_low,1
ギャップ,SSI_high,1
ギャップ,SSI_low,0
ギリギリ,SSI_high,2
ギリギリ,SSI_low,2
クイズ,SSI_high,1
クイズ,SSI_low,0
クイック,SSI_high,0
クイック,SSI_low,1
クゴ,SSI_high,0
クゴ,SSI_low,1
クズ,SSI_high,0
クズ,SSI_low,1
クライアント,SSI_high,1
クライアント,SSI_low,4
クリア,SSI_high,1
クリア,SSI_low,0
クリエイター,SSI_high,1
クリエイター,SSI_low,0
クリエイティブ,SSI_high,0
クリエイティブ,SSI_low,3
クレーム,SSI_high,0
クレーム,SSI_low,2
グダグダ,SSI_high,0
グダグダ,SSI_low,1
グループ,SSI_high,1
グループ,SSI_low,0
グループ会社,SSI_high,0
グループ会社,SSI_low,34
グロ,SSI_high,0
グロ,SSI_low,1
グロッキー,SSI_high,0
グロッキー,SSI_low,1
グロリエット,SSI_high,0
グロリエット,SSI_low,1
ケガ,SSI_high,0
ケガ,SSI_low,1
ケトル,SSI_high,0
ケトル,SSI_low,1
ケーキ,SSI_high,2
ケーキ,SSI_low,0
ゲート,SSI_high,1
ゲート,SSI_low,0
ゲーム,SSI_high,1
ゲーム,SSI_low,0
コミット,SSI_high,0
コミット,SSI_low,1
コミュニケーション,SSI_high,2
コミュニケーション,SSI_low,4
コミュニケーションスキル,SSI_high,0
コミュニケーションスキル,SSI_low,1
コメント,SSI_high,0
コメント,SSI_low,1
コロナ,SSI_high,1
コロナ,SSI_low,6
コンセプト,SSI_high,0
コンセプト,SSI_low,2
コンタクト,SSI_high,0
コンタクト,SSI_low,1
コンタクトセンター,SSI_high,0
コンタクトセンター,SSI_low,1
コンディション,SSI_high,0
コンディション,SSI_low,1
コンペ,SSI_high,1
コンペ,SSI_low,0
コース,SSI_high,1
コース,SSI_low,0
コーヒー,SSI_high,1
コーヒー,SSI_low,0
コーンスープ,SSI_high,1
コーンスープ,SSI_low,0
ゴチソウ,SSI_high,1
ゴチソウ,SSI_low,0
ゴルフ,SSI_high,1
ゴルフ,SSI_low,0
ゴール,SSI_high,1
ゴール,SSI_low,0
ゴールデン,SSI_high,0
ゴールデン,SSI_low,1
サウナ,SSI_high,1
サウナ,SSI_low,0
サテライト,SSI_high,0
サテライト,SSI_low,1
サポート,SSI_high,3
サポート,SSI_low,0
サンスター,SSI_high,1
サンスター,SSI_low,6
サンマ,SSI_high,0
サンマ,SSI_low,1
システム,SSI_high,1
システム,SSI_low,3
システム障害,SSI_high,0
システム障害,SSI_low,1
シャワー,SSI_high,0
シャワー,SSI_low,1
シャンプーハット,SSI_high,1
シャンプーハット,SSI_low,0
ショート,SSI_high,0
ショート,SSI_low,1
ショートカットキー,SSI_high,1
ショートカットキー,SSI_low,0
シルバーウィーク,SSI_high,0
シルバーウィーク,SSI_low,2
シート,SSI_high,1
シート,SSI_low,0
ジム,SSI_high,1
ジム,SSI_low,1
スカート,SSI_high,1
スカート,SSI_low,0
スキル,SSI_high,0
スキル,SSI_low,1
スケジュール,SSI_high,2
スケジュール,SSI_low,5
スタジオ,SSI_high,0
スタジオ,SSI_low,1
スタッフ,SSI_high,1
スタッフ,SSI_low,0
スタンド,SSI_high,1
スタンド,SSI_low,0
スタート,SSI_high,1
スタート,SSI_low,4
スタート!,SSI_high,2
スタート!,SSI_low,0
スタートダッシュ,SSI_high,0
スタートダッシュ,SSI_low,1
ステップ,SSI_high,0
ステップ,SSI_low,1
ストレス,SSI_high,2
ストレス,SSI_low,7
ストレッチ,SSI_high,0
ストレッチ,SSI_low,1
ストレングスファインダー,SSI_high,1
ストレングスファインダー,SSI_low,0
スパイス,SSI_high,1
スパイス,SSI_low,0
スピード,SSI_high,1
スピード,SSI_low,0
スポット,SSI_high,0
スポット,SSI_low,1
スマホ,SSI_high,2
スマホ,SSI_low,2
スムーズ,SSI_high,2
スムーズ,SSI_low,2
スルー,SSI_high,0
スルー,SSI_low,1
スーツ,SSI_high,0
スーツ,SSI_low,1
セイバン,SSI_high,2
セイバン,SSI_low,0
セクション,SSI_high,0
セクション,SSI_low,1
セッション,SSI_high,1
セッション,SSI_low,1
セット,SSI_high,1
セット,SSI_low,1
セブン,SSI_high,1
セブン,SSI_low,0
ソニー,SSI_high,1
ソニー,SSI_low,0
ソフトクリームオレ,SSI_high,1
ソフトクリームオレ,SSI_low,0
ゾンビ,SSI_high,1
ゾンビ,SSI_low,0
タイト,SSI_high,1
タイト,SSI_low,1
タイミング,SSI_high,0
タイミング,SSI_low,1
タクシー,SSI_high,0
タクシー,SSI_low,1
タケノコ,SSI_high,0
タケノコ,SSI_low,1
タスク,SSI_high,0
タスク,SSI_low,1
タフ,SSI_high,0
タフ,SSI_low,1
タマゴ,SSI_high,1
タマゴ,SSI_low,0
タルト,SSI_high,1
タルト,SSI_low,0
タレント,SSI_high,0
タレント,SSI_low,1
ターゲット,SSI_high,0
ターゲット,SSI_low,1
ダイアログ,SSI_high,2
ダイアログ,SSI_low,0
ダイエット,SSI_high,0
ダイエット,SSI_low,1
ダイキン,SSI_high,1
ダイキン,SSI_low,0
ダウン,SSI_high,0
ダウン,SSI_low,1
ダスキン,SSI_high,2
ダスキン,SSI_low,1
ダッサー,SSI_high,0
ダッサー,SSI_low,1
ダブル,SSI_high,1
ダブル,SSI_low,0
ダメージ,SSI_high,1
ダメージ,SSI_low,0
チャレンジ,SSI_high,0
チャレンジ,SSI_low,3
チャンス,SSI_high,0
チャンス,SSI_low,1
チュノム,SSI_high,0
チュノム,SSI_low,1
チーム,SSI_high,10
チーム,SSI_low,16
チームワーク,SSI_high,0
チームワーク,SSI_low,1
チーム内,SSI_high,1
チーム内,SSI_low,1
ツッチー,SSI_high,1
ツッチー,SSI_low,0
ツメ,SSI_high,0
ツメ,SSI_low,1
テスト,SSI_high,1
テスト,SSI_low,0
テレビ,SSI_high,2
テレビ,SSI_low,0
テレワーク,SSI_high,6
テレワーク,SSI_low,5
テンション,SSI_high,1
テンション,SSI_low,8
テーマ,SSI_high,1
テーマ,SSI_low,0
ディスカッション,SSI_high,2
ディスカッション,SSI_low,2
ディナー,SSI_high,0
ディナー,SSI_low,1
ディレクタ,SSI_high,0
ディレクタ,SSI_low,1
デイリー,SSI_high,1
デイリー,SSI_low,0
デジタル,SSI_high,0
デジタル,SSI_low,3
デリカシー,SSI_high,0
デリカシー,SSI_low,1
デー,SSI_high,1
デー,SSI_low,1
データ,SSI_high,0
データ,SSI_low,1
トップ,SSI_high,0
トップ,SSI_low,1
トラブル,SSI_high,0
トラブル,SSI_low,2
トレーニング,SSI_high,0
トレーニング,SSI_low,1
トレーニー,SSI_high,1
トレーニー,SSI_low,0
トンマナ,SSI_high,0
トンマナ,SSI_low,1
ナカマ,SSI_high,0
ナカマ,SSI_low,1
ナレーション,SSI_high,0
ナレーション,SSI_low,1
ニュース,SSI_high,0
ニュース,SSI_low,2
ニラレバ,SSI_high,0
ニラレバ,SSI_low,1
ニワトリ,SSI_high,1
ニワトリ,SSI_low,0
ネガ,SSI_high,0
ネガ,SSI_low,2
ハイブリッド,SSI_high,1
ハイブリッド,SSI_low,0
ハウス,SSI_high,1
ハウス,SSI_low,0
ハッピー,SSI_high,1
ハッピー,SSI_low,2
ハラスメント,SSI_high,1
ハラスメント,SSI_low,0
ハード,SSI_high,1
ハード,SSI_low,0
ハードル,SSI_high,1
ハードル,SSI_low,0
バカ,SSI_high,5
バカ,SSI_low,1
バス,SSI_high,1
バス,SSI_low,0
バタ,SSI_high,0
バタ,SSI_low,1
バランス,SSI_high,0
バランス,SSI_low,2
バルタザール,SSI_high,0
バルタザール,SSI_low,1
バレー,SSI_high,0
バレー,SSI_low,1
パクリ,SSI_high,0
パクリ,SSI_low,1
パターン,SSI_high,0
パターン,SSI_low,1
パナ,SSI_high,1
パナ,SSI_low,0
パフォーマンス,SSI_high,0
パフォーマンス,SSI_low,3
パリ,SSI_high,0
パリ,SSI_low,1
パン,SSI_high,1
パン,SSI_low,0
パンク,SSI_high,0
パンク,SSI_low,1
パー,SSI_high,1
パー,SSI_low,0
パーティ,SSI_high,1
パーティ,SSI_low,0
ヒアリング,SSI_high,1
ヒアリング,SSI_low,0
ヒガシ,SSI_high,0
ヒガシ,SSI_low,1
ヒヤヒヤ,SSI_high,0
ヒヤヒヤ,SSI_low,1
ビジネス,SSI_high,0
ビジネス,SSI_low,2
ビジネスチャンス,SSI_high,1
ビジネスチャンス,SSI_low,0
ピアノ,SSI_high,0
ピアノ,SSI_low,1
ファミリー,SSI_high,0
ファミリー,SSI_low,1
フィードバック,SSI_high,0
フィードバック,SSI_low,1
フィールド,SSI_high,0
フィールド,SSI_low,1
フランス,SSI_high,1
フランス,SSI_low,1
フリ,SSI_high,6
フリ,SSI_low,1
フリーズ,SSI_high,0
フリーズ,SSI_low,1
フル,SSI_high,1
フル,SSI_low,2
ブランド,SSI_high,0
ブランド,SSI_low,2
ブルー,SSI_high,0
ブルー,SSI_low,1
プラ,SSI_high,1
プラ,SSI_low,1
プライド,SSI_high,0
プライド,SSI_low,1
プライベート,SSI_high,0
プライベート,SSI_low,2
プラス,SSI_high,2
プラス,SSI_low,0
プランニング,SSI_high,0
プランニング,SSI_low,1
プレ,SSI_high,0
プレ,SSI_low,3
プレゼン,SSI_high,4
プレゼン,SSI_low,6
プレッシャー,SSI_high,0
プレッシャー,SSI_low,1
プレー,SSI_high,1
プレー,SSI_low,0
プロ,SSI_high,0
プロ,SSI_low,1
プロセス,SSI_high,1
プロセス,SSI_low,0
ベスト,SSI_high,0
ベスト,SSI_low,1
ベンチャー,SSI_high,0
ベンチャー,SSI_low,1
ベース,SSI_high,1
ベース,SSI_low,1
ホテル,SSI_high,1
ホテル,SSI_low,0
ボケ,SSI_high,0
ボケ,SSI_low,1
ボタン,SSI_high,0
ボタン,SSI_low,1
ボブ,SSI_high,1
ボブ,SSI_low,0
ボマ,SSI_high,0
ボマ,SSI_low,1
ボード,SSI_high,0
ボード,SSI_low,1
ポジ,SSI_high,0
ポジ,SSI_low,1
ポジション,SSI_high,0
ポジション,SSI_low,1
ポートフォリオ,SSI_high,0
ポートフォリオ,SSI_low,1
マシ,SSI_high,0
マシ,SSI_low,1
マス,SSI_high,1
マス,SSI_low,0
マスク,SSI_high,0
マスク,SSI_low,1
マッサージ,SSI_high,1
マッサージ,SSI_low,0
マッチ,SSI_high,0
マッチ,SSI_low,1
マット,SSI_high,0
マット,SSI_low,1
マットレス,SSI_high,0
マットレス,SSI_low,1
マナー,SSI_high,0
マナー,SSI_low,1
マネジメント,SSI_high,0
マネジメント,SSI_low,3
マルエス,SSI_high,1
マルエス,SSI_low,0
マルホ,SSI_high,0
マルホ,SSI_low,2
マンガ,SSI_high,1
マンガ,SSI_low,0
マーケット,SSI_high,2
マーケット,SSI_low,0
マーケティング,SSI_high,2
マーケティング,SSI_low,0
ミキハウス,SSI_high,0
ミキハウス,SSI_low,1
ミス,SSI_high,1
ミス,SSI_low,1
ミドル,SSI_high,0
ミドル,SSI_low,1
ミーティング,SSI_high,3
ミーティング,SSI_low,5
メイクワンツー,SSI_high,1
メイクワンツー,SSI_low,0
メガネ,SSI_high,1
メガネ,SSI_low,0
メッセージ,SSI_high,0
メッセージ,SSI_low,1
メディア,SSI_high,1
メディア,SSI_low,0
メモ,SSI_high,1
メモ,SSI_low,0
メリハリ,SSI_high,0
メリハリ,SSI_low,3
メンタルダウン,SSI_high,0
メンタルダウン,SSI_low,1
メンバー,SSI_high,11
メンバー,SSI_low,8
メール,SSI_high,3
メール,SSI_low,2
モチベーション,SSI_high,0
モチベーション,SSI_low,3
モニタ,SSI_high,1
モニタ,SSI_low,0
モバイル,SSI_high,1
モバイル,SSI_low,0
モード,SSI_high,0
モード,SSI_low,2
ヤツ,SSI_high,0
ヤツ,SSI_low,2
ヤル気,SSI_high,1
ヤル気,SSI_low,0
ラウンド,SSI_high,1
ラウンド,SSI_low,1
ラスト,SSI_high,2
ラスト,SSI_low,0
ラッシュ,SSI_high,0
ラッシュ,SSI_low,1
ランキング,SSI_high,0
ランキング,SSI_low,1
ランチ,SSI_high,3
ランチ,SSI_low,6
ランニング,SSI_high,2
ランニング,SSI_low,0
ラーニング,SSI_high,1
ラーニング,SSI_low,0
ラーメン,SSI_high,1
ラーメン,SSI_low,2
リアル,SSI_high,1
リアル,SSI_low,4
リカバリー,SSI_high,1
リカバリー,SSI_low,0
リスキニング,SSI_high,0
リスキニング,SSI_low,1
リスキリング,SSI_high,1
リスキリング,SSI_low,0
リスク,SSI_high,0
リスク,SSI_low,1
リスケ,SSI_high,1
リスケ,SSI_low,1
リハビリ,SSI_high,1
リハビリ,SSI_low,0
リビング,SSI_high,0
リビング,SSI_low,1
リファラル採用,SSI_high,1
リファラル採用,SSI_low,0
リフレッシュ,SSI_high,3
リフレッシュ,SSI_low,2
リブランディングプロジェクト,SSI_high,0
リブランディングプロジェクト,SSI_low,1
リプレース,SSI_high,1
リプレース,SSI_low,0
リベラルアーツ,SSI_high,0
リベラルアーツ,SSI_low,1
リモート,SSI_high,6
リモート,SSI_low,4
リモートワーク,SSI_high,1
リモートワーク,SSI_low,0
リュック,SSI_high,0
リュック,SSI_low,1
リラックス,SSI_high,2
リラックス,SSI_low,0
リーダー,SSI_high,0
リーダー,SSI_low,1
リード,SSI_high,0
リード,SSI_low,1
ルーティン,SSI_high,1
ルーティン,SSI_low,0
ルーム,SSI_high,2
ルーム,SSI_low,0
レギュラー番組,SSI_high,1
レギュラー番組,SSI_low,0
レス,SSI_high,0
レス,SSI_low,1
レッスン,SSI_high,0
レッスン,SSI_low,1
レビュー,SSI_high,0
レビュー,SSI_low,1
レベル,SSI_high,0
レベル,SSI_low,2
レポート,SSI_high,0
レポート,SSI_low,1
レンチン,SSI_high,0
レンチン,SSI_low,1
ロケ,SSI_high,1
ロケ,SSI_low,0
ロゴ,SSI_high,0
ロゴ,SSI_low,1
ローカル,SSI_high,0
ローカル,SSI_low,1
ワイン,SSI_high,1
ワイン,SSI_low,0
ワクチン,SSI_high,1
ワクチン,SSI_low,0
ワーク,SSI_high,0
ワーク,SSI_low,2
ワークショップ,SSI_high,0
ワークショップ,SSI_low,2
ヵ月,SSI_high,1
ヵ月,SSI_low,2
ヶ月,SSI_high,0
ヶ月,SSI_low,3
ー,SSI_high,2
ー,SSI_low,1
一,SSI_high,5
一,SSI_low,13
一つ,SSI_high,1
一つ,SSI_low,2
一人,SSI_high,2
一人,SSI_low,3
一切,SSI_high,0
一切,SSI_low,1
一刻,SSI_high,0
一刻,SSI_low,1
一変,SSI_high,0
一変,SSI_low,1
一夜,SSI_high,0
一夜,SSI_low,1
一年,SSI_high,0
一年,SSI_low,1
一新,SSI_high,0
一新,SSI_low,1
一方,SSI_high,0
一方,SSI_low,1
一方通行,SSI_high,0
一方通行,SSI_low,1
一日,SSI_high,6
一日,SSI_low,14
一日中,SSI_high,1
一日中,SSI_low,0
一昨日,SSI_high,1
一昨日,SSI_low,0
一晩,SSI_high,0
一晩,SSI_low,1
一流,SSI_high,0
一流,SSI_low,1
一献,SSI_high,0
一献,SSI_low,2
一生懸命,SSI_high,1
一生懸命,SSI_low,0
一番,SSI_high,0
一番,SSI_low,3
一緒,SSI_high,1
一緒,SSI_low,1
一緒に,SSI_high,0
一緒に,SSI_low,2
一致,SSI_high,1
一致,SSI_low,0
一致団結,SSI_high,2
一致団結,SSI_low,0
一週間,SSI_high,1
一週間,SSI_low,0
一過性,SSI_high,0
一過性,SSI_low,1
万全,SSI_high,0
万全,SSI_low,1
三原,SSI_high,0
三原,SSI_low,1
三宮,SSI_high,0
三宮,SSI_low,1
三昧,SSI_high,0
三昧,SSI_low,2
三連休,SSI_high,0
三連休,SSI_low,2
上,SSI_high,0
上,SSI_low,2
上位,SSI_high,1
上位,SSI_low,0
上半期,SSI_high,1
上半期,SSI_low,1
上司,SSI_high,1
上司,SSI_low,3
上層部,SSI_high,0
上層部,SSI_low,1
上手く,SSI_high,0
上手く,SSI_low,3
上書き,SSI_high,0
上書き,SSI_low,1
上期,SSI_high,1
上期,SSI_low,2
上申,SSI_high,0
上申,SSI_low,1
下世話,SSI_high,0
下世話,SSI_low,1
下半期,SSI_high,1
下半期,SSI_low,0
下品,SSI_high,0
下品,SSI_low,1
下山,SSI_high,1
下山,SSI_low,0
下旬,SSI_high,0
下旬,SSI_low,1
下期,SSI_high,3
下期,SSI_low,7
下見,SSI_high,1
下見,SSI_low,0
不便,SSI_high,1
不便,SSI_low,0
不安,SSI_high,1
不安,SSI_low,2
不安定,SSI_high,0
不安定,SSI_low,1
不思議,SSI_high,0
不思議,SSI_low,2
不格好,SSI_high,0
不格好,SSI_low,1
不機嫌,SSI_high,0
不機嫌,SSI_low,1
不毛,SSI_high,0
不毛,SSI_low,1
不義理,SSI_high,0
不義理,SSI_low,1
不自由,SSI_high,1
不自由,SSI_low,0
不調,SSI_high,0
不調,SSI_low,3
不足,SSI_high,0
不足,SSI_low,1
世の中,SSI_high,0
世の中,SSI_low,2
世界,SSI_high,1
世界,SSI_low,1
両親,SSI_high,1
両親,SSI_low,0
並行,SSI_high,0
並行,SSI_low,1
中,SSI_high,7
中,SSI_low,9
中和,SSI_high,1
中和,SSI_low,0
中堅,SSI_high,1
中堅,SSI_low,0
中川,SSI_high,1
中川,SSI_low,0
中秋の名月,SSI_high,1
中秋の名月,SSI_low,0
中華,SSI_high,2
中華,SSI_low,0
中身,SSI_high,0
中身,SSI_low,2
中長期,SSI_high,1
中長期,SSI_low,0
中間決算,SSI_high,1
中間決算,SSI_low,0
丹下,SSI_high,0
丹下,SSI_low,1
主人,SSI_high,1
主人,SSI_low,0
主催,SSI_high,1
主催,SSI_low,0
主力,SSI_high,0
主力,SSI_low,1
主張,SSI_high,0
主張,SSI_low,1
主義,SSI_high,0
主義,SSI_low,1
久々,SSI_high,6
久々,SSI_low,9
久しぶり,SSI_high,9
久しぶり,SSI_low,11
乗り継ぎ,SSI_high,0
乗り継ぎ,SSI_low,1
乗客,SSI_high,0
乗客,SSI_low,1
予定,SSI_high,6
予定,SSI_low,6
予想,SSI_high,1
予想,SSI_low,3
予想外,SSI_high,1
予想外,SSI_low,0
予感,SSI_high,1
予感,SSI_low,0
予算,SSI_high,3
予算,SSI_low,1
予約,SSI_high,1
予約,SSI_low,2
争奪,SSI_high,1
争奪,SSI_low,0
事,SSI_high,3
事,SSI_low,5
事務作業,SSI_high,2
事務作業,SSI_low,0
事実,SSI_high,1
事実,SSI_low,0
事情,SSI_high,1
事情,SSI_low,1
事態,SSI_high,1
事態,SSI_low,0
事故対応,SSI_high,1
事故対応,SSI_low,0
事業,SSI_high,0
事業,SSI_low,1
事項,SSI_high,1
事項,SSI_low,2
二,SSI_high,0
二,SSI_low,1
二人,SSI_high,0
二人,SSI_low,1
二子,SSI_high,0
二子,SSI_low,1
二日酔い,SSI_high,1
二日酔い,SSI_low,0
五分五分,SSI_high,0
五分五分,SSI_low,1
五輪,SSI_high,1
五輪,SSI_low,0
交換,SSI_high,2
交換,SSI_low,1
交流,SSI_high,1
交流,SSI_low,0
交渉,SSI_high,0
交渉,SSI_low,1
交通費,SSI_high,1
交通費,SSI_low,0
京都,SSI_high,2
京都,SSI_low,1
京都銀行,SSI_high,0
京都銀行,SSI_low,1
人,SSI_high,6
人,SSI_low,10
人事,SSI_high,1
人事,SSI_low,1
人付き合い,SSI_high,0
人付き合い,SSI_low,1
人員不足,SSI_high,0
人員不足,SSI_low,1
人種,SSI_high,0
人種,SSI_low,1
人間,SSI_high,0
人間,SSI_low,2
今,SSI_high,3
今,SSI_low,6
今入,SSI_high,0
今入,SSI_low,1
今回,SSI_high,1
今回,SSI_low,1
今城,SSI_high,1
今城,SSI_low,0
今年,SSI_high,0
今年,SSI_low,1
今年度,SSI_high,1
今年度,SSI_low,0
今後,SSI_high,4
今後,SSI_low,6
今日,SSI_high,27
今日,SSI_low,51
今日この頃,SSI_high,1
今日この頃,SSI_low,1
今日は雨,SSI_high,0
今日は雨,SSI_low,1
今朝,SSI_high,1
今朝,SSI_low,2
今週,SSI_high,6
今週,SSI_low,5
仔犬,SSI_high,1
仔犬,SSI_low,0
仕上がり,SSI_high,0
仕上がり,SSI_low,1
仕事,SSI_high,26
仕事,SSI_low,33
仕方,SSI_high,1
仕方,SSI_low,1
仕方がない,SSI_high,0
仕方がない,SSI_low,1
仕込み,SSI_high,1
仕込み,SSI_low,0
他,SSI_high,0
他,SSI_low,5
付,SSI_high,0
付,SSI_low,1
付き,SSI_high,1
付き,SSI_low,0
代わり,SSI_high,0
代わり,SSI_low,1
代理店,SSI_high,1
代理店,SSI_low,0
以上,SSI_high,0
以上,SSI_low,4
以外,SSI_high,3
以外,SSI_low,2
以来,SSI_high,0
以来,SSI_low,1
以降,SSI_high,2
以降,SSI_low,1
仮,SSI_high,1
仮,SSI_low,0
仲間,SSI_high,1
仲間,SSI_low,2
仲間たち,SSI_high,0
仲間たち,SSI_low,1
件,SSI_high,3
件,SSI_low,0
企画,SSI_high,2
企画,SSI_low,2
企画書,SSI_high,0
企画書,SSI_low,1
伊勢志摩,SSI_high,0
伊勢志摩,SSI_low,1
休,SSI_high,1
休,SSI_low,3
休み,SSI_high,3
休み,SSI_low,4
休み明け,SSI_high,1
休み明け,SSI_low,0
休日,SSI_high,3
休日,SSI_low,2
休日出勤,SSI_high,0
休日出勤,SSI_low,1
休暇,SSI_high,2
休暇,SSI_low,2
休養,SSI_high,1
休養,SSI_low,0
会,SSI_high,10
会,SSI_low,7
会い,SSI_high,0
会い,SSI_low,2
会社,SSI_high,5
会社,SSI_low,7
会話,SSI_high,4
会話,SSI_low,3
会議,SSI_high,4
会議,SSI_low,13
会食,SSI_high,7
会食,SSI_low,7
伝達,SSI_high,0
伝達,SSI_low,1
佐世保,SSI_high,1
佐世保,SSI_low,0
体,SSI_high,0
体,SSI_low,1
体制,SSI_high,1
体制,SSI_low,1
体力,SSI_high,0
体力,SSI_low,1
体力的,SSI_high,0
体力的,SSI_low,1
体調,SSI_high,3
体調,SSI_low,7
体調不良,SSI_high,0
体調不良,SSI_low,5
体調管理,SSI_high,1
体調管理,SSI_low,1
体重,SSI_high,0
体重,SSI_low,3
体験,SSI_high,0
体験,SSI_low,1
何,SSI_high,6
何,SSI_low,16
何かしら,SSI_high,2
何かしら,SSI_low,2
何事,SSI_high,1
何事,SSI_low,1
何人,SSI_high,1
何人,SSI_low,0
何度,SSI_high,0
何度,SSI_low,2
余裕,SSI_high,0
余裕,SSI_low,3
余計,SSI_high,0
余計,SSI_low,1
余韻,SSI_high,1
余韻,SSI_low,1
作り,SSI_high,1
作り,SSI_low,2
作り方,SSI_high,0
作り方,SSI_low,1
作動,SSI_high,0
作動,SSI_low,1
作成,SSI_high,2
作成,SSI_low,7
作戦,SSI_high,0
作戦,SSI_low,1
作業,SSI_high,6
作業,SSI_low,10
作業時間,SSI_high,1
作業時間,SSI_low,0
使い方,SSI_high,0
使い方,SSI_low,2
使用,SSI_high,0
使用,SSI_low,1
侍,SSI_high,0
侍,SSI_low,2
依存,SSI_high,0
依存,SSI_low,1
依頼,SSI_high,0
依頼,SSI_low,3
価値観,SSI_high,0
価値観,SSI_low,2
便利,SSI_high,1
便利,SSI_low,1
保育園,SSI_high,0
保育園,SSI_low,1
保険制度,SSI_high,1
保険制度,SSI_low,0
信和,SSI_high,0
信和,SSI_low,2
修復,SSI_high,0
修復,SSI_low,1
修正,SSI_high,1
修正,SSI_low,3
俺,SSI_high,0
俺,SSI_low,1
倉,SSI_high,1
倉,SSI_low,0
個人,SSI_high,0
個人,SSI_low,1
個人的,SSI_high,0
個人的,SSI_low,1
値,SSI_high,1
値,SSI_low,0
健,SSI_high,0
健,SSI_low,1
健康,SSI_high,0
健康,SSI_low,1
健康診断,SSI_high,2
健康診断,SSI_low,5
傾向,SSI_high,1
傾向,SSI_low,0
僕,SSI_high,2
僕,SSI_low,2
億,SSI_high,0
億,SSI_low,1
優しい,SSI_high,1
優しい,SSI_low,0
優位,SSI_high,1
優位,SSI_low,0
優先順位,SSI_high,1
優先順位,SSI_low,0
元,SSI_high,1
元,SSI_low,1
元気,SSI_high,2
元気,SSI_low,1
充実,SSI_high,3
充実,SSI_low,2
充実感,SSI_high,1
充実感,SSI_low,0
兆候,SSI_high,1
兆候,SSI_low,0
先,SSI_high,14
先,SSI_low,73
先行,SSI_high,1
先行,SSI_low,0
先輩,SSI_high,3
先輩,SSI_low,0
先送り,SSI_high,1
先送り,SSI_low,0
先週,SSI_high,1
先週,SSI_low,1
光,SSI_high,0
光,SSI_low,1
光栄,SSI_high,1
光栄,SSI_low,0
入れ替え,SSI_high,1
入れ替え,SSI_low,0
入力,SSI_high,2
入力,SSI_low,1
入国,SSI_high,1
入国,SSI_low,0
入浴,SSI_high,0
入浴,SSI_low,1
入院,SSI_high,1
入院,SSI_low,0
全く,SSI_high,0
全く,SSI_low,3
全て,SSI_high,1
全て,SSI_low,0
全体,SSI_high,0
全体,SSI_low,1
全力,SSI_high,0
全力,SSI_low,1
全員,SSI_high,1
全員,SSI_low,0
全般,SSI_high,1
全般,SSI_low,0
全部,SSI_high,1
全部,SSI_low,0
八幡,SSI_high,0
八幡,SSI_low,1
八木,SSI_high,1
八木,SSI_low,0
共同,SSI_high,0
共同,SSI_low,1
共有,SSI_high,1
共有,SSI_low,3
具合,SSI_high,1
具合,SSI_low,0
典型,SSI_high,0
典型,SSI_low,1
内,SSI_high,0
内,SSI_low,1
内容,SSI_high,2
内容,SSI_low,6
内示,SSI_high,1
内示,SSI_low,0
円安,SSI_high,1
円安,SSI_low,0
円滑,SSI_high,0
円滑,SSI_low,1
再会,SSI_high,3
再会,SSI_low,1
再配分,SSI_high,0
再配分,SSI_low,1
冬,SSI_high,0
冬,SSI_low,2
冷たい,SSI_high,0
冷たい,SSI_low,1
冷静,SSI_high,0
冷静,SSI_low,1
凋落,SSI_high,1
凋落,SSI_low,0
処理,SSI_high,1
処理,SSI_low,2
出して,SSI_high,0
出して,SSI_low,1
出て,SSI_high,0
出て,SSI_low,1
出勤,SSI_high,2
出勤,SSI_low,0
出原,SSI_high,1
出原,SSI_low,0
出席,SSI_high,1
出席,SSI_low,3
出席者,SSI_high,0
出席者,SSI_low,1
出張,SSI_high,4
出張,SSI_low,6
出張先,SSI_high,2
出張先,SSI_low,0
出社,SSI_high,4
出社,SSI_low,10
出稿,SSI_high,0
出稿,SSI_low,1
分,SSI_high,1
分,SSI_low,2
切り上げ,SSI_high,0
切り上げ,SSI_low,1
切り替え,SSI_high,0
切り替え,SSI_low,1
列,SSI_high,0
列,SSI_low,1
初,SSI_high,0
初,SSI_low,1
初回,SSI_high,0
初回,SSI_low,1
初日,SSI_high,0
初日,SSI_low,2
初秋,SSI_high,0
初秋,SSI_low,1
判定,SSI_high,1
判定,SSI_low,1
別件,SSI_high,1
別件,SSI_low,0
利益,SSI_high,1
利益,SSI_low,0
制作,SSI_high,0
制作,SSI_low,6
制作進行,SSI_high,0
制作進行,SSI_low,1
制限,SSI_high,0
制限,SSI_low,1
刺激,SSI_high,0
刺激,SSI_low,4
刺激的,SSI_high,0
刺激的,SSI_low,2
前,SSI_high,2
前,SSI_low,10
前々回,SSI_high,0
前々回,SSI_low,1
前半,SSI_high,0
前半,SSI_low,1
前向き,SSI_high,1
前向き,SSI_low,3
前回,SSI_high,0
前回,SSI_low,1
前夜,SSI_high,1
前夜,SSI_low,0
前夜祭,SSI_high,0
前夜祭,SSI_low,1
前川,SSI_high,0
前川,SSI_low,2
前年,SSI_high,1
前年,SSI_low,0
前提,SSI_high,0
前提,SSI_low,1
前日,SSI_high,0
前日,SSI_low,3
前田,SSI_high,0
前田,SSI_low,1
前髪,SSI_high,0
前髪,SSI_low,1
剤,SSI_high,0
剤,SSI_low,1
副業,SSI_high,0
副業,SSI_low,1
割,SSI_high,1
割,SSI_low,1
創設,SSI_high,1
創設,SSI_low,0
劇的,SSI_high,0
劇的,SSI_low,1
力,SSI_high,0
力,SSI_low,3
助け,SSI_high,0
助け,SSI_low,1
効果,SSI_high,1
効果,SSI_low,1
効率,SSI_high,0
効率,SSI_low,2
効率的,SSI_high,0
効率的,SSI_low,1
勉強,SSI_high,2
勉強,SSI_low,1
動き,SSI_high,0
動き,SSI_low,1
動機,SSI_high,0
動機,SSI_low,1
動画,SSI_high,1
動画,SSI_low,4
勘弁,SSI_high,0
勘弁,SSI_low,1
勝利,SSI_high,2
勝利,SSI_low,0
勤務,SSI_high,2
勤務,SSI_low,4
勿体なく,SSI_high,1
勿体なく,SSI_low,0
匂い,SSI_high,0
匂い,SSI_low,1
化,SSI_high,1
化,SSI_low,4
北方,SSI_high,0
北方,SSI_low,1
北陸,SSI_high,0
北陸,SSI_low,1
午前,SSI_high,0
午前,SSI_low,1
午前中,SSI_high,0
午前中,SSI_low,2
午後,SSI_high,4
午後,SSI_low,7
半,SSI_high,0
半,SSI_low,4
半分,SSI_high,0
半分,SSI_low,1
半日,SSI_high,0
半日,SSI_low,1
半期,SSI_high,1
半期,SSI_low,2
卒業祝い,SSI_high,1
卒業祝い,SSI_low,0
協力,SSI_high,0
協力,SSI_low,2
協力会社,SSI_high,0
協力会社,SSI_low,2
協議,SSI_high,0
協議,SSI_low,2
博報堂,SSI_high,1
博報堂,SSI_low,2
博多,SSI_high,0
博多,SSI_low,2
博覧会,SSI_high,0
博覧会,SSI_low,1
印象,SSI_high,1
印象,SSI_low,1
即決,SSI_high,1
即決,SSI_low,0
厄介,SSI_high,0
厄介,SSI_low,1
原料,SSI_high,1
原料,SSI_low,0
厳しい,SSI_high,2
厳しい,SSI_low,0
厳冬,SSI_high,1
厳冬,SSI_low,0
去年,SSI_high,1
去年,SSI_low,0
参加,SSI_high,3
参加,SSI_low,37
参加者,SSI_high,0
参加者,SSI_low,1
参考,SSI_high,1
参考,SSI_low,0
友達,SSI_high,1
友達,SSI_low,0
反応,SSI_high,0
反応,SSI_low,3
反映,SSI_high,1
反映,SSI_low,0
反省,SSI_high,0
反省,SSI_low,2
収益,SSI_high,0
収益,SSI_low,1
取り組み,SSI_high,0
取り組み,SSI_low,1
取得,SSI_high,1
取得,SSI_low,0
取扱,SSI_high,0
取扱,SSI_low,1
受けて,SSI_high,2
受けて,SSI_low,1
受け入れ,SSI_high,1
受け入れ,SSI_low,1
受診,SSI_high,0
受診,SSI_low,2
受賞,SSI_high,1
受賞,SSI_low,0
口,SSI_high,0
口,SSI_low,1
古い,SSI_high,1
古い,SSI_low,0
古庄,SSI_high,0
古庄,SSI_low,1
可哀そう,SSI_high,0
可哀そう,SSI_low,1
可愛い,SSI_high,1
可愛い,SSI_low,0
可笑し,SSI_high,0
可笑し,SSI_low,1
可笑しかっ,SSI_high,0
可笑しかっ,SSI_low,1
可能,SSI_high,0
可能,SSI_low,1
台風,SSI_high,0
台風,SSI_low,11
台風一過,SSI_high,1
台風一過,SSI_low,1
号,SSI_high,1
号,SSI_low,0
各位,SSI_high,0
各位,SSI_low,1
各種,SSI_high,0
各種,SSI_low,1
合い,SSI_high,0
合い,SSI_low,1
合意形成,SSI_high,0
合意形成,SSI_low,1
合格,SSI_high,1
合格,SSI_low,0
合流,SSI_high,0
合流,SSI_low,1
合間,SSI_high,1
合間,SSI_low,0
吉田,SSI_high,0
吉田,SSI_low,1
吉田秀雄,SSI_high,1
吉田秀雄,SSI_low,0
同い年,SSI_high,0
同い年,SSI_low,1
同僚,SSI_high,2
同僚,SSI_low,2
同席,SSI_high,1
同席,SSI_low,0
同時,SSI_high,0
同時,SSI_low,1
同期,SSI_high,2
同期,SSI_low,0
同様,SSI_high,0
同様,SSI_low,2
同級生,SSI_high,1
同級生,SSI_low,0
名,SSI_high,3
名,SSI_low,0
向かい風,SSI_high,0
向かい風,SSI_low,1
向け,SSI_high,0
向け,SSI_low,1
君,SSI_high,2
君,SSI_low,0
否定,SSI_high,0
否定,SSI_low,1
呑気,SSI_high,0
呑気,SSI_low,1
周,SSI_high,0
周,SSI_low,1
周り,SSI_high,1
周り,SSI_low,3
周囲,SSI_high,1
周囲,SSI_low,0
味噌汁,SSI_high,0
味噌汁,SSI_low,1
命,SSI_high,1
命,SSI_low,1
和やか,SSI_high,0
和やか,SSI_low,2
員,SSI_high,3
員,SSI_low,4
商品,SSI_high,0
商品,SSI_low,3
問題,SSI_high,2
問題,SSI_low,3
営業,SSI_high,2
営業,SSI_low,4
器,SSI_high,0
器,SSI_low,1
四半期,SSI_high,1
四半期,SSI_low,0
回,SSI_high,1
回,SSI_low,0
回復,SSI_high,2
回復,SSI_low,1
回復力,SSI_high,0
回復力,SSI_low,1
団結,SSI_high,1
団結,SSI_low,0
固執,SSI_high,0
固執,SSI_low,1
土日,SSI_high,1
土日,SSI_low,3
土曜日,SSI_high,0
土曜日,SSI_low,1
圧倒的,SSI_high,1
圧倒的,SSI_low,0
圧迫,SSI_high,1
圧迫,SSI_low,0
在宅,SSI_high,0
在宅,SSI_low,4
在来線,SSI_high,0
在来線,SSI_low,1
地元,SSI_high,1
地元,SSI_low,0
地味,SSI_high,1
地味,SSI_low,0
地域,SSI_high,0
地域,SSI_low,2
地方,SSI_high,1
地方,SSI_low,0
型,SSI_high,1
型,SSI_low,0
基本的,SSI_high,1
基本的,SSI_low,0
基準値,SSI_high,1
基準値,SSI_low,0
基点,SSI_high,0
基点,SSI_low,1
基盤,SSI_high,1
基盤,SSI_low,0
堀越,SSI_high,1
堀越,SSI_low,0
報告,SSI_high,3
報告,SSI_low,1
報道,SSI_high,0
報道,SSI_low,1
場合,SSI_high,0
場合,SSI_low,1
場所,SSI_high,1
場所,SSI_low,1
声,SSI_high,1
声,SSI_low,0
壱,SSI_high,1
壱,SSI_low,0
売上,SSI_high,0
売上,SSI_low,1
変,SSI_high,0
変,SSI_low,2
変わり目,SSI_high,0
変わり目,SSI_low,1
変化,SSI_high,1
変化,SSI_low,4
変革,SSI_high,1
変革,SSI_low,0
夏模様,SSI_high,0
夏模様,SSI_low,1
夕方,SSI_high,3
夕方,SSI_low,3
夕食,SSI_high,1
夕食,SSI_low,0
夕飯,SSI_high,1
夕飯,SSI_low,1
外,SSI_high,1
外,SSI_low,2
外出,SSI_high,1
外出,SSI_low,2
外部,SSI_high,0
外部,SSI_low,2
外食,SSI_high,1
外食,SSI_low,0
多,SSI_high,1
多,SSI_low,4
多い,SSI_high,6
多い,SSI_low,5
多かっ,SSI_high,1
多かっ,SSI_low,0
多く,SSI_high,2
多く,SSI_low,3
多め,SSI_high,1
多め,SSI_low,0
多方面,SSI_high,0
多方面,SSI_low,1
夜,SSI_high,13
夜,SSI_low,15
夜中,SSI_high,0
夜中,SSI_low,1
夜風,SSI_high,0
夜風,SSI_low,1
夢,SSI_high,1
夢,SSI_low,1
大,SSI_high,0
大,SSI_low,1
大きい,SSI_high,1
大きい,SSI_low,0
大きく,SSI_high,0
大きく,SSI_low,2
大げさ,SSI_high,0
大げさ,SSI_low,1
大丈夫,SSI_high,0
大丈夫,SSI_low,2
大事,SSI_high,1
大事,SSI_low,11
大会,SSI_high,1
大会,SSI_low,0
大分,SSI_high,0
大分,SSI_low,1
大切,SSI_high,0
大切,SSI_low,4
大勢,SSI_high,0
大勢,SSI_low,1
大変,SSI_high,7
大変,SSI_low,7
大好き,SSI_high,1
大好き,SSI_low,1
大学,SSI_high,0
大学,SSI_low,1
大差,SSI_high,0
大差,SSI_low,1
大幅,SSI_high,0
大幅,SSI_low,1
大広,SSI_high,1
大広,SSI_low,0
大明,SSI_high,0
大明,SSI_low,3
大津屋,SSI_high,0
大津屋,SSI_low,1
大阪,SSI_high,2
大阪,SSI_low,2
大阪ガス,SSI_high,0
大阪ガス,SSI_low,1
大阪メトロ,SSI_high,1
大阪メトロ,SSI_low,0
大雨,SSI_high,0
大雨,SSI_low,3
天気,SSI_high,4
天気,SSI_low,6
天気図,SSI_high,0
天気図,SSI_low,1
天王寺,SSI_high,1
天王寺,SSI_low,0
太郎,SSI_high,0
太郎,SSI_low,1
失敗,SSI_high,1
失敗,SSI_low,0
失格,SSI_high,0
失格,SSI_low,1
失礼,SSI_high,1
失礼,SSI_low,0
奇妙,SSI_high,0
奇妙,SSI_low,1
契機,SSI_high,0
契機,SSI_low,1
奥村,SSI_high,1
奥村,SSI_low,1
女子,SSI_high,1
女子,SSI_low,0
好き,SSI_high,2
好き,SSI_low,0
好きだ。,SSI_high,1
好きだ。,SSI_low,1
好み,SSI_high,0
好み,SSI_low,1
妻,SSI_high,4
妻,SSI_low,4
姉妹,SSI_high,0
姉妹,SSI_low,1
始まり,SSI_high,0
始まり,SSI_low,1
姪っ子,SSI_high,2
姪っ子,SSI_low,0
姿勢,SSI_high,0
姿勢,SSI_low,1
威圧的,SSI_high,0
威圧的,SSI_low,1
娘,SSI_high,0
娘,SSI_low,3
媒体,SSI_high,1
媒体,SSI_low,2
嫌,SSI_high,1
嫌,SSI_low,4
嫌い,SSI_high,1
嫌い,SSI_low,1
嫌いや,SSI_high,1
嫌いや,SSI_low,0
嫌がらせ,SSI_high,0
嫌がらせ,SSI_low,1
嬉しい,SSI_high,1
嬉しい,SSI_low,1
嬉しかっ,SSI_high,1
嬉しかっ,SSI_low,2
子,SSI_high,1
子,SSI_low,1
子ども,SSI_high,2
子ども,SSI_low,2
子供,SSI_high,3
子供,SSI_low,3
子供たち,SSI_high,2
子供たち,SSI_low,1
存在,SSI_high,1
存在,SSI_low,0
孝行,SSI_high,1
孝行,SSI_low,0
季節,SSI_high,0
季節,SSI_low,2
学び,SSI_high,2
学び,SSI_low,0
学童,SSI_high,1
学童,SSI_low,0
学級閉鎖,SSI_high,0
学級閉鎖,SSI_low,1
宇宙,SSI_high,0
宇宙,SSI_low,1
安全,SSI_high,1
安全,SSI_low,0
安堵,SSI_high,1
安堵,SSI_low,1
安定,SSI_high,2
安定,SSI_low,1
安定性,SSI_high,1
安定性,SSI_low,0
安心,SSI_high,0
安心,SSI_low,2
完了,SSI_high,1
完了,SSI_low,2
定例,SSI_high,0
定例,SSI_low,1
定年,SSI_high,1
定年,SSI_low,0
定時,SSI_high,1
定時,SSI_low,0
定期,SSI_high,0
定期,SSI_low,1
定義,SSI_high,0
定義,SSI_low,1
宝塚,SSI_high,0
宝塚,SSI_low,1
実家,SSI_high,2
実家,SSI_low,0
実感,SSI_high,0
実感,SSI_low,5
実施,SSI_high,4
実施,SSI_low,2
実現,SSI_high,0
実現,SSI_low,2
実直,SSI_high,0
実直,SSI_low,1
実装,SSI_high,1
実装,SSI_low,0
室,SSI_high,1
室,SSI_low,0
宴,SSI_high,0
宴,SSI_low,1
家,SSI_high,3
家,SSI_low,4
家で,SSI_high,3
家で,SSI_low,2
家事,SSI_high,0
家事,SSI_low,1
家庭内,SSI_high,0
家庭内,SSI_low,1
家族,SSI_high,4
家族,SSI_low,3
寂し,SSI_high,0
寂し,SSI_low,1
密,SSI_high,0
密,SSI_low,1
寒い,SSI_high,1
寒い,SSI_low,2
寒かっ,SSI_high,1
寒かっ,SSI_low,0
寒く,SSI_high,2
寒く,SSI_low,0
寝不足,SSI_high,0
寝不足,SSI_low,1
寝言,SSI_high,0
寝言,SSI_low,1
審査会,SSI_high,1
審査会,SSI_low,0
対処,SSI_high,0
対処,SSI_low,1
対応,SSI_high,6
対応,SSI_low,43
対談,SSI_high,0
対談,SSI_low,1
対象,SSI_high,1
対象,SSI_low,0
対面,SSI_high,2
対面,SSI_low,2
寿司,SSI_high,1
寿司,SSI_low,0
小さい,SSI_high,1
小さい,SSI_low,0
小学,SSI_high,0
小学,SSI_low,1
小学校,SSI_high,1
小学校,SSI_low,1
小学生,SSI_high,1
小学生,SSI_low,1
小忙しく,SSI_high,1
小忙しく,SSI_low,0
小林,SSI_high,0
小林,SSI_low,1
小野,SSI_high,0
小野,SSI_low,1
少ない,SSI_high,2
少ない,SSI_low,4
少なかっ,SSI_high,1
少なかっ,SSI_low,0
少なく,SSI_high,1
少なく,SSI_low,1
就業,SSI_high,1
就業,SSI_low,0
局,SSI_high,0
局,SSI_low,5
局内,SSI_high,1
局内,SSI_low,4
局員,SSI_high,1
局員,SSI_low,0
局部,SSI_high,2
局部,SSI_low,0
局長,SSI_high,1
局長,SSI_low,0
居,SSI_high,0
居,SSI_low,1
屋上,SSI_high,1
屋上,SSI_low,0
展示会,SSI_high,0
展示会,SSI_low,1
層,SSI_high,1
層,SSI_low,0
山場,SSI_high,0
山場,SSI_low,2
岡本,SSI_high,1
岡本,SSI_low,1
岩谷,SSI_high,0
岩谷,SSI_low,1
峠,SSI_high,0
峠,SSI_low,1
崩壊,SSI_high,0
崩壊,SSI_low,1
嵐山,SSI_high,2
嵐山,SSI_low,1
川口,SSI_high,0
川口,SSI_low,1
工場,SSI_high,0
工場,SSI_low,1
工夫,SSI_high,0
工夫,SSI_low,1
左,SSI_high,0
左,SSI_low,2
左右,SSI_high,0
左右,SSI_low,1
差し入れ,SSI_high,1
差し入れ,SSI_low,0
市場,SSI_high,0
市場,SSI_low,1
布団,SSI_high,1
布団,SSI_low,1
希望,SSI_high,2
希望,SSI_low,0
席,SSI_high,0
席,SSI_low,2
帰り,SSI_high,2
帰り,SSI_low,2
帰国,SSI_high,0
帰国,SSI_low,3
帰宅,SSI_high,2
帰宅,SSI_low,3
帰還,SSI_high,1
帰還,SSI_low,0
幕末,SSI_high,0
幕末,SSI_low,1
平和,SSI_high,1
平和,SSI_low,0
平日,SSI_high,4
平日,SSI_low,1
年,SSI_high,2
年,SSI_low,5
年代,SSI_high,0
年代,SSI_low,1
年内,SSI_high,1
年内,SSI_low,0
年末,SSI_high,1
年末,SSI_low,0
年生,SSI_high,0
年生,SSI_low,1
年賀状,SSI_high,1
年賀状,SSI_low,0
年長,SSI_high,0
年長,SSI_low,1
年齢,SSI_high,1
年齢,SSI_low,2
幸い,SSI_high,1
幸い,SSI_low,0
幸せ,SSI_high,2
幸せ,SSI_low,5
幸先,SSI_high,1
幸先,SSI_low,0
幸地,SSI_high,1
幸地,SSI_low,0
幸福,SSI_high,1
幸福,SSI_low,0
幸福度,SSI_high,3
幸福度,SSI_low,1
幸運,SSI_high,0
幸運,SSI_low,1
幼稚園,SSI_high,1
幼稚園,SSI_low,0
広,SSI_high,0
広,SSI_low,1
広い,SSI_high,0
広い,SSI_low,1
広告,SSI_high,2
広告,SSI_low,1
広告業界,SSI_high,1
広告業界,SSI_low,0
広報,SSI_high,0
広報,SSI_low,1
床,SSI_high,0
床,SSI_low,1
店,SSI_high,2
店,SSI_low,0
度,SSI_high,0
度,SSI_low,2
度合い,SSI_high,0
度合い,SSI_low,1
座り,SSI_high,1
座り,SSI_low,0
座席,SSI_high,1
座席,SSI_low,0
座組,SSI_high,0
座組,SSI_low,1
弁当,SSI_high,1
弁当,SSI_low,0
引率,SSI_high,1
引率,SSI_low,0
引継,SSI_high,0
引継,SSI_low,2
引継ぎ,SSI_high,1
引継ぎ,SSI_low,1
引越し,SSI_high,0
引越し,SSI_low,1
弟君,SSI_high,0
弟君,SSI_low,1
張りあい,SSI_high,1
張りあい,SSI_low,0
強,SSI_high,1
強,SSI_low,0
強い,SSI_high,1
強い,SSI_low,1
強かっ,SSI_high,0
強かっ,SSI_low,1
強く,SSI_high,0
強く,SSI_low,1
強制,SSI_high,0
強制,SSI_low,1
当たり前,SSI_high,0
当たり前,SSI_low,1
当初,SSI_high,0
当初,SSI_low,1
当番,SSI_high,1
当番,SSI_low,0
形,SSI_high,0
形,SSI_low,3
形態,SSI_high,0
形態,SSI_low,1
影響,SSI_high,1
影響,SSI_low,2
影響力,SSI_high,0
影響力,SSI_low,1
役,SSI_high,1
役,SSI_low,1
役員,SSI_high,2
役員,SSI_low,0
役得,SSI_high,1
役得,SSI_low,0
彼,SSI_high,1
彼,SSI_low,0
往復,SSI_high,2
往復,SSI_low,0
待ち,SSI_high,0
待ち,SSI_low,1
後,SSI_high,5
後,SSI_low,7
後任,SSI_high,0
後任,SSI_low,1
後半,SSI_high,0
後半,SSI_low,2
後回し,SSI_high,0
後回し,SSI_low,1
後者,SSI_high,0
後者,SSI_low,1
後輩,SSI_high,1
後輩,SSI_low,1
従姉,SSI_high,1
従姉,SSI_low,0
従来,SSI_high,0
従来,SSI_low,1
得意,SSI_high,14
得意,SSI_low,67
復帰,SSI_high,0
復帰,SSI_low,3
復活,SSI_high,1
復活,SSI_low,1
微妙,SSI_high,1
微妙,SSI_low,0
徹底,SSI_high,0
徹底,SSI_low,1
心,SSI_high,1
心,SSI_low,2
心地,SSI_high,0
心地,SSI_low,1
心強かっ,SSI_high,0
心強かっ,SSI_low,1
心理的,SSI_high,1
心理的,SSI_low,0
心身,SSI_high,1
心身,SSI_low,0
心配,SSI_high,0
心配,SSI_low,2
必要,SSI_high,0
必要,SSI_low,4
必要性,SSI_high,0
必要性,SSI_low,1
志,SSI_high,1
志,SSI_low,0
忙し,SSI_high,0
忙し,SSI_low,2
忙しい,SSI_high,0
忙しい,SSI_low,5
忙しかっ,SSI_high,0
忙しかっ,SSI_low,1
忙しく,SSI_high,1
忙しく,SSI_low,1
快晴,SSI_high,0
快晴,SSI_low,2
快適,SSI_high,0
快適,SSI_low,3
怒涛,SSI_high,0
怒涛,SSI_low,1
怖い,SSI_high,0
怖い,SSI_low,1
思いのほか,SSI_high,1
思いのほか,SSI_low,0
思想,SSI_high,1
思想,SSI_low,0
急,SSI_high,2
急,SSI_low,1
急務,SSI_high,0
急務,SSI_low,1
急逝,SSI_high,1
急逝,SSI_low,0
性,SSI_high,0
性,SSI_low,1
恥ずかしい,SSI_high,1
恥ずかしい,SSI_low,0
恥ずかしかっ,SSI_high,1
恥ずかしかっ,SSI_low,0
息,SSI_high,1
息,SSI_low,1
悩ましい,SSI_high,0
悩ましい,SSI_low,1
悪い,SSI_high,2
悪い,SSI_low,4
悪かっ,SSI_high,1
悪かっ,SSI_low,2
悪く,SSI_high,3
悪く,SSI_low,8
悪さ,SSI_high,0
悪さ,SSI_low,1
悪者,SSI_high,0
悪者,SSI_low,1
情報,SSI_high,4
情報,SSI_low,2
情報共有,SSI_high,0
情報共有,SSI_low,1
情操教育,SSI_high,1
情操教育,SSI_low,0
想像,SSI_high,0
想像,SSI_low,1
想定,SSI_high,0
想定,SSI_low,1
意外,SSI_high,1
意外,SSI_low,0
意思決定,SSI_high,0
意思決定,SSI_low,1
意義,SSI_high,0
意義,SSI_low,1
意見,SSI_high,1
意見,SSI_low,1
意見交換,SSI_high,0
意見交換,SSI_low,1
意見交換会,SSI_high,0
意見交換会,SSI_low,1
意識,SSI_high,3
意識,SSI_low,1
意識高い,SSI_high,0
意識高い,SSI_low,1
愚痴,SSI_high,0
愚痴,SSI_low,1
愛,SSI_high,0
愛,SSI_low,2
愛犬,SSI_high,1
愛犬,SSI_low,0
愛着,SSI_high,1
愛着,SSI_low,0
感,SSI_high,0
感,SSI_low,3
感じ,SSI_high,4
感じ,SSI_low,6
感心,SSI_high,0
感心,SSI_low,1
感覚,SSI_high,1
感覚,SSI_low,0
感触,SSI_high,0
感触,SSI_low,1
感謝,SSI_high,1
感謝,SSI_low,1
感銘,SSI_high,1
感銘,SSI_low,1
態度,SSI_high,0
態度,SSI_low,1
慌ただしい,SSI_high,1
慌ただしい,SSI_low,0
慌ただしかっ,SSI_high,1
慌ただしかっ,SSI_low,0
憂鬱,SSI_high,1
憂鬱,SSI_low,1
懇親,SSI_high,2
懇親,SSI_low,2
成果,SSI_high,1
成果,SSI_low,1
成長,SSI_high,1
成長,SSI_low,2
我儘,SSI_high,0
我儘,SSI_low,2
我慢,SSI_high,0
我慢,SSI_low,1
戦,SSI_high,1
戦,SSI_low,1
戦略,SSI_high,0
戦略,SSI_low,4
戦略的,SSI_high,0
戦略的,SSI_low,1
所存,SSI_high,3
所存,SSI_low,0
手,SSI_high,3
手,SSI_low,2
手厚く,SSI_high,1
手厚く,SSI_low,0
手術,SSI_high,0
手術,SSI_low,1
打ち,SSI_high,0
打ち,SSI_low,1
打ち合わせ,SSI_high,4
打ち合わせ,SSI_low,14
打合せ,SSI_high,3
打合せ,SSI_low,13
打合わせ,SSI_high,0
打合わせ,SSI_low,3
扱い,SSI_high,1
扱い,SSI_low,1
承認,SSI_high,1
承認,SSI_low,0
技,SSI_high,0
技,SSI_low,1
投稿,SSI_high,1
投稿,SSI_low,0
折り返し,SSI_high,2
折り返し,SSI_low,4
押し,SSI_high,0
押し,SSI_low,1
担当,SSI_high,1
担当,SSI_low,1
持ち場,SSI_high,1
持ち場,SSI_low,0
持続,SSI_high,1
持続,SSI_low,0
指導,SSI_high,0
指導,SSI_low,1
指揮,SSI_high,0
指揮,SSI_low,1
指摘,SSI_high,1
指摘,SSI_low,0
指示,SSI_high,2
指示,SSI_low,1
指針,SSI_high,0
指針,SSI_low,1
挑戦,SSI_high,1
挑戦,SSI_low,0
挨拶,SSI_high,0
挨拶,SSI_low,3
振る舞い,SSI_high,0
振る舞い,SSI_low,1
挽回,SSI_high,0
挽回,SSI_low,1
接近,SSI_high,0
接近,SSI_low,1
提出,SSI_high,3
提出,SSI_low,1
提案,SSI_high,6
提案,SSI_low,12
撮影,SSI_high,0
撮影,SSI_low,10
操作性,SSI_high,0
操作性,SSI_low,1
支社,SSI_high,8
支社,SSI_low,4
支障,SSI_high,0
支障,SSI_low,1
改善,SSI_high,1
改善,SSI_low,1
改定,SSI_high,0
改定,SSI_low,1
攻め,SSI_high,0
攻め,SSI_low,1
放送局,SSI_high,1
放送局,SSI_low,0
救い,SSI_high,0
救い,SSI_low,1
散漫,SSI_high,1
散漫,SSI_low,0
数,SSI_high,1
数,SSI_low,5
数カ月,SSI_high,1
数カ月,SSI_low,0
数字,SSI_high,0
数字,SSI_low,4
数年,SSI_high,1
数年,SSI_low,0
数時間,SSI_high,0
数時間,SSI_low,1
整理,SSI_high,0
整理,SSI_low,1
整骨院,SSI_high,1
整骨院,SSI_low,0
文句,SSI_high,0
文句,SSI_low,1
文村,SSI_high,0
文村,SSI_low,1
文章,SSI_high,1
文章,SSI_low,0
料理,SSI_high,1
料理,SSI_low,0
新しい,SSI_high,3
新しい,SSI_low,10
新しく,SSI_high,0
新しく,SSI_low,1
新た,SSI_high,0
新た,SSI_low,3
新チーム,SSI_high,0
新チーム,SSI_low,1
新事業,SSI_high,0
新事業,SSI_low,1
新人,SSI_high,1
新人,SSI_low,1
新人研修,SSI_high,2
新人研修,SSI_low,1
新任,SSI_high,0
新任,SSI_low,1
新卒,SSI_high,1
新卒,SSI_low,0
新幹線,SSI_high,1
新幹線,SSI_low,1
新快速,SSI_high,1
新快速,SSI_low,0
新潟,SSI_high,1
新潟,SSI_low,0
新規,SSI_high,1
新規,SSI_low,3
新鮮,SSI_high,1
新鮮,SSI_low,1
方,SSI_high,5
方,SSI_low,9
方々,SSI_high,1
方々,SSI_low,0
方向,SSI_high,0
方向,SSI_low,3
方向性,SSI_high,0
方向性,SSI_low,2
方針,SSI_high,0
方針,SSI_low,2
旅行,SSI_high,0
旅行,SSI_low,5
旗,SSI_high,0
旗,SSI_low,1
日,SSI_high,18
日,SSI_low,41
日々,SSI_high,0
日々,SSI_low,2
日中,SSI_high,0
日中,SSI_low,1
日付,SSI_high,0
日付,SSI_low,1
日商,SSI_high,1
日商,SSI_low,0
日報,SSI_high,1
日報,SSI_low,0
日常,SSI_high,0
日常,SSI_low,1
日曜,SSI_high,0
日曜,SSI_low,1
日曜日,SSI_high,1
日曜日,SSI_low,0
日本,SSI_high,2
日本,SSI_low,0
日本ピラー工業,SSI_high,0
日本ピラー工業,SSI_low,1
日本列島,SSI_high,0
日本列島,SSI_low,1
日本時間,SSI_high,0
日本時間,SSI_low,1
日程,SSI_high,1
日程,SSI_low,0
日記,SSI_high,2
日記,SSI_low,8
旦那,SSI_high,0
旦那,SSI_low,1
早々,SSI_high,0
早々,SSI_low,2
早い,SSI_high,1
早い,SSI_low,3
早く,SSI_high,2
早く,SSI_low,4
早め,SSI_high,3
早め,SSI_low,2
早出,SSI_high,1
早出,SSI_low,0
早朝,SSI_high,1
早朝,SSI_low,2
早起き,SSI_high,2
早起き,SSI_low,3
明け,SSI_high,2
明け,SSI_low,2
明日,SSI_high,9
明日,SSI_low,6
明確,SSI_high,1
明確,SSI_low,1
昔,SSI_high,1
昔,SSI_low,0
昔話,SSI_high,1
昔話,SSI_low,1
映像ディレクター,SSI_high,0
映像ディレクター,SSI_low,1
昨夜,SSI_high,0
昨夜,SSI_low,4
昨年度,SSI_high,1
昨年度,SSI_low,0
昨日,SSI_high,3
昨日,SSI_low,8
昨晩,SSI_high,1
昨晩,SSI_low,0
昴,SSI_high,0
昴,SSI_low,1
昼,SSI_high,1
昼,SSI_low,1
昼ご飯,SSI_high,0
昼ご飯,SSI_low,1
昼食,SSI_high,1
昼食,SSI_low,1
昼飯,SSI_high,0
昼飯,SSI_low,1
時,SSI_high,4
時,SSI_low,2
時代,SSI_high,0
時代,SSI_low,2
時差,SSI_high,0
時差,SSI_low,1
時期,SSI_high,0
時期,SSI_low,2
時点,SSI_high,0
時点,SSI_low,1
時間,SSI_high,13
時間,SSI_low,19
時間配分,SSI_high,0
時間配分,SSI_low,1
普通,SSI_high,1
普通,SSI_low,1
普通に,SSI_high,0
普通に,SSI_low,1
晴れ,SSI_high,0
晴れ,SSI_low,11
晴れ晴れ,SSI_high,0
晴れ晴れ,SSI_low,1
暇,SSI_high,1
暇,SSI_low,4
暑い,SSI_high,1
暑い,SSI_low,1
暑く,SSI_high,1
暑く,SSI_low,1
暮らし,SSI_high,1
暮らし,SSI_low,0
暴言,SSI_high,1
暴言,SSI_low,1
曇天,SSI_high,0
曇天,SSI_low,1
更新,SSI_high,0
更新,SSI_low,1
最前線,SSI_high,1
最前線,SSI_low,0
最後,SSI_high,1
最後,SSI_low,2
最悪,SSI_high,1
最悪,SSI_low,1
最終,SSI_high,0
最終,SSI_low,1
最終日,SSI_high,2
最終日,SSI_low,1
最近,SSI_high,3
最近,SSI_low,8
最高,SSI_high,5
最高,SSI_low,2
月,SSI_high,2
月,SSI_low,11
月曜,SSI_high,1
月曜,SSI_low,3
月末,SSI_high,1
月末,SSI_low,1
有り難い,SSI_high,1
有り難い,SSI_low,0
有休,SSI_high,1
有休,SSI_low,0
有名,SSI_high,1
有名,SSI_low,0
朝,SSI_high,10
朝,SSI_low,33
朝イチ,SSI_high,1
朝イチ,SSI_low,3
朝晩,SSI_high,0
朝晩,SSI_low,1
朝活,SSI_high,1
朝活,SSI_low,1
朝食,SSI_high,0
朝食,SSI_low,1
期,SSI_high,1
期,SSI_low,0
期待,SSI_high,1
期待,SSI_low,2
期間,SSI_high,0
期間,SSI_low,2
期限,SSI_high,1
期限,SSI_low,0
木下,SSI_high,0
木下,SSI_low,1
木曜日,SSI_high,1
木曜日,SSI_low,1
未,SSI_high,0
未,SSI_low,1
未来,SSI_high,0
未来,SSI_low,1
未来へ,SSI_high,0
未来へ,SSI_low,1
末,SSI_high,1
末,SSI_low,0
本州,SSI_high,0
本州,SSI_low,1
本年度,SSI_high,0
本年度,SSI_low,1
本日,SSI_high,0
本日,SSI_low,1
本来,SSI_high,0
本来,SSI_low,1
本格,SSI_high,1
本格,SSI_low,3
本格的,SSI_high,1
本格的,SSI_low,0
本番,SSI_high,1
本番,SSI_low,1
机上の空論,SSI_high,0
机上の空論,SSI_low,1
杓子定規,SSI_high,0
杓子定規,SSI_low,1
束の間,SSI_high,0
束の間,SSI_low,1
来期,SSI_high,1
来期,SSI_low,1
来社,SSI_high,1
来社,SSI_low,0
来週,SSI_high,2
来週,SSI_low,0
東京,SSI_high,11
東京,SSI_low,7
東急エージェンシー,SSI_high,1
東急エージェンシー,SSI_low,0
東急グループ,SSI_high,1
東急グループ,SSI_low,0
東方,SSI_high,0
東方,SSI_low,1
松尾,SSI_high,1
松尾,SSI_low,0
枕,SSI_high,0
枕,SSI_low,1
枚方,SSI_high,0
枚方,SSI_low,1
枠,SSI_high,1
枠,SSI_low,0
柔軟性,SSI_high,1
柔軟性,SSI_low,0
根本,SSI_high,0
根本,SSI_low,1
案件,SSI_high,1
案件,SSI_low,7
棚卸し,SSI_high,1
棚卸し,SSI_low,0
検査,SSI_high,1
検査,SSI_low,0
検査結果,SSI_high,0
検査結果,SSI_low,1
検討,SSI_high,1
検討,SSI_low,0
業,SSI_high,1
業,SSI_low,0
業務,SSI_high,10
業務,SSI_low,23
業務外,SSI_high,1
業務外,SSI_low,0
業界,SSI_high,1
業界,SSI_low,0
業績,SSI_high,1
業績,SSI_low,0
楽,SSI_high,0
楽,SSI_low,1
楽しい,SSI_high,4
楽しい,SSI_low,8
楽しかっ,SSI_high,4
楽しかっ,SSI_low,7
楽しく,SSI_high,2
楽しく,SSI_low,0
楽しみ,SSI_high,1
楽しみ,SSI_low,4
構造,SSI_high,0
構造,SSI_low,1
様子,SSI_high,0
様子,SSI_low,1
横,SSI_high,1
横,SSI_low,1
横澤,SSI_high,1
横澤,SSI_low,0
橋本,SSI_high,0
橋本,SSI_low,1
機会,SSI_high,0
機会,SSI_low,5
機嫌,SSI_high,1
機嫌,SSI_low,0
機能,SSI_high,1
機能,SSI_low,0
機能性,SSI_high,0
機能性,SSI_low,1
機関,SSI_high,0
機関,SSI_low,1
次,SSI_high,0
次,SSI_low,6
次回,SSI_high,1
次回,SSI_low,0
次期,SSI_high,0
次期,SSI_low,1
欲しい,SSI_high,0
欲しい,SSI_low,1
欲しかっ,SSI_high,0
欲しかっ,SSI_low,1
正しい,SSI_high,0
正しい,SSI_low,1
正しく,SSI_high,1
正しく,SSI_low,0
正直,SSI_high,1
正直,SSI_low,1
歯,SSI_high,0
歯,SSI_low,1
歯並び,SSI_high,0
歯並び,SSI_low,1
歯医者,SSI_high,0
歯医者,SSI_low,1
歳,SSI_high,0
歳,SSI_low,1
歴,SSI_high,0
歴,SSI_low,1
死守,SSI_high,1
死守,SSI_low,0
残り,SSI_high,2
残り,SSI_low,2
残念,SSI_high,2
残念,SSI_low,0
残暑,SSI_high,0
残暑,SSI_low,1
残業,SSI_high,0
残業,SSI_low,2
段取り,SSI_high,0
段取り,SSI_low,2
母,SSI_high,1
母,SSI_low,0
母里,SSI_high,0
母里,SSI_low,1
毎日,SSI_high,0
毎日,SSI_low,5
毛色,SSI_high,0
毛色,SSI_low,1
気,SSI_high,13
気,SSI_low,17
気付け,SSI_high,0
気付け,SSI_low,1
気分,SSI_high,4
気分,SSI_low,9
気分転換,SSI_high,1
気分転換,SSI_low,0
気合い,SSI_high,1
気合い,SSI_low,0
気合十分,SSI_high,0
気合十分,SSI_low,1
気味,SSI_high,0
気味,SSI_low,1
気持,SSI_high,0
気持,SSI_low,1
気持ち,SSI_high,3
気持ち,SSI_low,14
気持ち良い,SSI_high,1
気持ち良い,SSI_low,0
気持ち良く,SSI_high,0
気持ち良く,SSI_low,1
気晴らし,SSI_high,1
気晴らし,SSI_low,0
気温,SSI_high,0
気温,SSI_low,3
気球,SSI_high,1
気球,SSI_low,0
水,SSI_high,0
水,SSI_low,1
水路,SSI_high,1
水路,SSI_low,0
永遠,SSI_high,1
永遠,SSI_low,0
決めて,SSI_high,0
決めて,SSI_low,1
決め手,SSI_high,0
決め手,SSI_low,1
決定,SSI_high,1
決定,SSI_low,1
決算,SSI_high,2
決算,SSI_low,0
沖縄,SSI_high,0
沖縄,SSI_low,1
河村,SSI_high,0
河村,SSI_low,1
波,SSI_high,0
波,SSI_low,1
泣き言,SSI_high,0
泣き言,SSI_low,1
注意,SSI_high,1
注意,SSI_low,4
洞察,SSI_high,1
洞察,SSI_low,0
活動,SSI_high,0
活動,SSI_low,1
流れ,SSI_high,0
流れ,SSI_low,1
流動的,SSI_high,0
流動的,SSI_low,1
流用,SSI_high,1
流用,SSI_low,0
海,SSI_high,2
海,SSI_low,0
海外,SSI_high,0
海外,SSI_low,1
消化,SSI_high,0
消化,SSI_low,1
涙,SSI_high,0
涙,SSI_low,1
涼し,SSI_high,0
涼し,SSI_low,1
涼しい,SSI_high,1
涼しい,SSI_low,3
涼しく,SSI_high,0
涼しく,SSI_low,4
深い,SSI_high,1
深い,SSI_low,1
深夜,SSI_high,0
深夜,SSI_low,3
深澤,SSI_high,0
深澤,SSI_low,1
渡航,SSI_high,0
渡航,SSI_low,1
渡邊,SSI_high,1
渡邊,SSI_low,0
湘南,SSI_high,0
湘南,SSI_low,1
湯快リゾート,SSI_high,1
湯快リゾート,SSI_low,0
満々,SSI_high,1
満々,SSI_low,0
満足,SSI_high,1
満足,SSI_low,2
満足度,SSI_high,0
満足度,SSI_low,1
準備,SSI_high,9
準備,SSI_low,6
滞留,SSI_high,1
滞留,SSI_low,0
激変,SSI_high,0
激変,SSI_low,1
濃,SSI_high,0
濃,SSI_low,1
濃く,SSI_high,0
濃く,SSI_low,1
濃厚接触者,SSI_high,1
濃厚接触者,SSI_low,2
濃密,SSI_high,1
濃密,SSI_low,1
火,SSI_high,0
火,SSI_low,1
火曜,SSI_high,0
火曜,SSI_low,1
火曜日,SSI_high,0
火曜日,SSI_low,1
炒飯,SSI_high,0
炒飯,SSI_low,1
無,SSI_high,1
無,SSI_low,0
無い,SSI_high,1
無い,SSI_low,1
無かっ,SSI_high,1
無かっ,SSI_low,0
無し,SSI_high,0
無し,SSI_low,2
無事,SSI_high,1
無事,SSI_low,4
無地,SSI_high,0
無地,SSI_low,1
無茶,SSI_high,1
無茶,SSI_low,0
無視,SSI_high,1
無視,SSI_low,0
無難,SSI_high,0
無難,SSI_low,1
無駄,SSI_high,0
無駄,SSI_low,1
焦り,SSI_high,1
焦り,SSI_low,0
焼肉,SSI_high,2
焼肉,SSI_low,0
煙,SSI_high,0
煙,SSI_low,1
熊取,SSI_high,0
熊取,SSI_low,1
熱,SSI_high,0
熱,SSI_low,1
熱い,SSI_high,0
熱い,SSI_low,1
熱中,SSI_high,0
熱中,SSI_low,1
熱弁,SSI_high,0
熱弁,SSI_low,1
爆死,SSI_high,0
爆死,SSI_low,1
父,SSI_high,1
父,SSI_low,0
父様,SSI_high,1
父様,SSI_low,0
片付け,SSI_high,1
片付け,SSI_low,0
片山,SSI_high,0
片山,SSI_low,1
牧野,SSI_high,0
牧野,SSI_low,1
物,SSI_high,0
物,SSI_low,3
特集,SSI_high,1
特集,SSI_low,0
状態,SSI_high,0
状態,SSI_low,2
状況,SSI_high,3
状況,SSI_low,5
狭い,SSI_high,0
狭い,SSI_low,1
狭く,SSI_high,0
狭く,SSI_low,1
率,SSI_high,0
率,SSI_low,1
率直,SSI_high,2
率直,SSI_low,0
王将,SSI_high,0
王将,SSI_low,1
珍しい,SSI_high,0
珍しい,SSI_low,1
珍しく,SSI_high,1
珍しく,SSI_low,2
班,SSI_high,1
班,SSI_low,0
現場,SSI_high,1
現場,SSI_low,0
現状,SSI_high,2
現状,SSI_low,0
理事会,SSI_high,1
理事会,SSI_low,0
理由,SSI_high,0
理由,SSI_low,2
理解,SSI_high,1
理解,SSI_low,4
環境,SSI_high,2
環境,SSI_low,5
甘,SSI_high,0
甘,SSI_low,1
生業,SSI_high,1
生業,SSI_low,0
生活,SSI_high,1
生活,SSI_low,3
生産,SSI_high,0
生産,SSI_low,1
生産性,SSI_high,1
生産性,SSI_low,0
産業医,SSI_high,0
産業医,SSI_low,1
甥っ子,SSI_high,1
甥っ子,SSI_low,0
用,SSI_high,0
用,SSI_low,3
用事,SSI_high,0
用事,SSI_low,1
用意,SSI_high,1
用意,SSI_low,0
申し訳ない,SSI_high,1
申し訳ない,SSI_low,1
画面,SSI_high,1
画面,SSI_low,2
異動,SSI_high,1
異動,SSI_low,2
異常,SSI_high,1
異常,SSI_low,1
疲れ,SSI_high,0
疲れ,SSI_low,4
疲労,SSI_high,0
疲労,SSI_low,4
疲労困憊,SSI_high,0
疲労困憊,SSI_low,1
病院,SSI_high,1
病院,SSI_low,3
痛,SSI_high,0
痛,SSI_low,1
痛い,SSI_high,1
痛い,SSI_low,2
痛感,SSI_high,0
痛感,SSI_low,1
痛烈,SSI_high,0
痛烈,SSI_low,1
発揮,SSI_high,0
発揮,SSI_low,2
発熱,SSI_high,0
発熱,SSI_low,1
発生,SSI_high,0
発生,SSI_low,1
発表会,SSI_high,0
発表会,SSI_low,2
発見,SSI_high,0
発見,SSI_low,1
発覚,SSI_high,0
発覚,SSI_low,1
登用,SSI_high,1
登用,SSI_low,0
白い,SSI_high,0
白い,SSI_low,1
的,SSI_high,3
的,SSI_low,9
皆,SSI_high,0
皆,SSI_low,2
皆さん,SSI_high,0
皆さん,SSI_low,1
皆様,SSI_high,1
皆様,SSI_low,0
盛り上がり,SSI_high,2
盛り上がり,SSI_low,0
目,SSI_high,5
目,SSI_low,6
目利き,SSI_high,0
目利き,SSI_low,1
目標,SSI_high,0
目標,SSI_low,3
目覚まし,SSI_high,0
目覚まし,SSI_low,1
目配り,SSI_high,0
目配り,SSI_low,1
直前,SSI_high,1
直前,SSI_low,2
直後,SSI_high,0
直後,SSI_low,1
直接,SSI_high,0
直接,SSI_low,1
直結,SSI_high,1
直結,SSI_low,0
相当,SSI_high,0
相当,SSI_low,1
相手,SSI_high,2
相手,SSI_low,0
相手方,SSI_high,0
相手方,SSI_low,1
相談,SSI_high,3
相談,SSI_low,1
省庁,SSI_high,0
省庁,SSI_low,1
看護師,SSI_high,1
看護師,SSI_low,0
真ん中,SSI_high,0
真ん中,SSI_low,1
真剣,SSI_high,0
真剣,SSI_low,1
真正面,SSI_high,0
真正面,SSI_low,1
真逆,SSI_high,0
真逆,SSI_low,1
眠,SSI_high,0
眠,SSI_low,1
眠かっ,SSI_high,0
眠かっ,SSI_low,1
眠たく,SSI_high,1
眠たく,SSI_low,0
眠気,SSI_high,0
眠気,SSI_low,1
眼科,SSI_high,1
眼科,SSI_low,0
着,SSI_high,0
着,SSI_low,1
着任,SSI_high,1
着任,SSI_low,0
着地,SSI_high,1
着地,SSI_low,0
睡眠,SSI_high,0
睡眠,SSI_low,1
睡眠不足,SSI_high,0
睡眠不足,SSI_low,1
睡眠時間,SSI_high,0
睡眠時間,SSI_low,1
矛盾,SSI_high,0
矛盾,SSI_low,1
知ったか,SSI_high,0
知ったか,SSI_low,1
知識,SSI_high,0
知識,SSI_low,1
短い,SSI_high,1
短い,SSI_low,0
短時間,SSI_high,0
短時間,SSI_low,1
研修,SSI_high,6
研修,SSI_low,7
確か,SSI_high,0
確か,SSI_low,1
確保,SSI_high,1
確保,SSI_low,0
確実,SSI_high,1
確実,SSI_low,1
確認,SSI_high,3
確認,SSI_low,5
示唆,SSI_high,1
示唆,SSI_low,0
礼儀,SSI_high,1
礼儀,SSI_low,0
社,SSI_high,4
社,SSI_low,5
社会復帰,SSI_high,1
社会復帰,SSI_low,0
社会的,SSI_high,0
社会的,SSI_low,1
社内,SSI_high,4
社内,SSI_low,43
社員,SSI_high,1
社員,SSI_low,0
社外,SSI_high,0
社外,SSI_low,2
社長,SSI_high,2
社長,SSI_low,1
祖父,SSI_high,1
祖父,SSI_low,0
祝い,SSI_high,2
祝い,SSI_low,1
祝勝,SSI_high,1
祝勝,SSI_low,0
祝日,SSI_high,2
祝日,SSI_low,0
神戸,SSI_high,1
神戸,SSI_low,0
禁止,SSI_high,1
禁止,SSI_low,0
福島,SSI_high,1
福島,SSI_low,0
私,SSI_high,3
私,SSI_low,5
秋,SSI_high,0
秋,SSI_low,3
秋の,SSI_high,0
秋の,SSI_low,1
秋庭,SSI_high,0
秋庭,SSI_low,1
秋晴れ,SSI_high,1
秋晴れ,SSI_low,1
秋風,SSI_high,0
秋風,SSI_low,1
秘密,SSI_high,0
秘密,SSI_low,1
秘訣,SSI_high,0
秘訣,SSI_low,1
称賛,SSI_high,0
称賛,SSI_low,1
移動,SSI_high,6
移動,SSI_low,3
程よい,SSI_high,0
程よい,SSI_low,1
程度,SSI_high,1
程度,SSI_low,3
稼働,SSI_high,0
稼働,SSI_low,2
積極的,SSI_high,0
積極的,SSI_low,1
穏やか,SSI_high,2
穏やか,SSI_low,1
空想,SSI_high,1
空想,SSI_low,0
窓,SSI_high,0
窓,SSI_low,1
立ち,SSI_high,0
立ち,SSI_low,1
立ち飲み屋,SSI_high,1
立ち飲み屋,SSI_low,0
立て続け,SSI_high,1
立て続け,SSI_low,0
立命,SSI_high,1
立命,SSI_low,0
立命館,SSI_high,0
立命館,SSI_low,1
競合,SSI_high,4
競合,SSI_low,1
笑,SSI_high,1
笑,SSI_low,0
等,SSI_high,0
等,SSI_low,16
筋トレ,SSI_high,0
筋トレ,SSI_low,1
管理,SSI_high,1
管理,SSI_low,6
節々,SSI_high,1
節々,SSI_low,0
簡単,SSI_high,0
簡単,SSI_low,2
粗相,SSI_high,0
粗相,SSI_low,1
精一杯,SSI_high,0
精一杯,SSI_low,1
精力的,SSI_high,1
精力的,SSI_low,0
精密,SSI_high,0
精密,SSI_low,1
精神,SSI_high,1
精神,SSI_low,0
精神的,SSI_high,0
精神的,SSI_low,1
糸,SSI_high,0
糸,SSI_low,1
系,SSI_high,0
系,SSI_low,1
約束,SSI_high,1
約束,SSI_low,0
納品,SSI_high,0
納品,SSI_low,2
納得,SSI_high,1
納得,SSI_low,2
納期,SSI_high,1
納期,SSI_low,0
素敵,SSI_high,2
素敵,SSI_low,0
素晴らしい,SSI_high,1
素晴らしい,SSI_low,1
素直,SSI_high,1
素直,SSI_low,2
累積,SSI_high,0
累積,SSI_low,1
細かい,SSI_high,1
細かい,SSI_low,0
紹介,SSI_high,0
紹介,SSI_low,1
終了,SSI_high,2
終了,SSI_low,6
終日,SSI_high,4
終日,SSI_low,2
組,SSI_high,1
組,SSI_low,1
組合,SSI_high,1
組合,SSI_low,0
組織,SSI_high,2
組織,SSI_low,1
経由,SSI_high,1
経由,SSI_low,1
経費,SSI_high,1
経費,SSI_low,0
経過,SSI_high,0
経過,SSI_low,1
経験,SSI_high,0
経験,SSI_low,1
結局,SSI_high,0
結局,SSI_low,5
結果,SSI_high,3
結果,SSI_low,2
結果的,SSI_high,1
結果的,SSI_low,0
結論,SSI_high,0
結論,SSI_low,1
絡み,SSI_high,1
絡み,SSI_low,0
絵,SSI_high,1
絵,SSI_low,0
絶,SSI_high,0
絶,SSI_low,1
絶大,SSI_high,1
絶大,SSI_low,0
絶対,SSI_high,0
絶対,SSI_low,1
継続,SSI_high,0
継続,SSI_low,2
続き,SSI_high,1
続き,SSI_low,1
綺麗,SSI_high,1
綺麗,SSI_low,0
緊張,SSI_high,1
緊張,SSI_low,1
緊張感,SSI_high,0
緊張感,SSI_low,2
総務,SSI_high,1
総務,SSI_low,0
締,SSI_high,1
締,SSI_low,0
編,SSI_high,1
編,SSI_low,0
編集,SSI_high,1
編集,SSI_low,1
緩和,SSI_high,1
緩和,SSI_low,0
練習,SSI_high,1
練習,SSI_low,1
縁,SSI_high,1
縁,SSI_low,0
繁忙,SSI_high,0
繁忙,SSI_low,1
罹患,SSI_high,0
罹患,SSI_low,1
美味しい,SSI_high,3
美味しい,SSI_low,2
美味しかっ,SSI_high,4
美味しかっ,SSI_low,1
美容院,SSI_high,1
美容院,SSI_low,0
翌日,SSI_high,3
翌日,SSI_low,1
翌週,SSI_high,0
翌週,SSI_low,1
習慣,SSI_high,1
習慣,SSI_low,1
考え,SSI_high,1
考え,SSI_low,0
者,SSI_high,1
者,SSI_low,1
耳,SSI_high,0
耳,SSI_low,2
聖地,SSI_high,0
聖地,SSI_low,1
職人,SSI_high,1
職人,SSI_low,0
肉,SSI_high,0
肉,SSI_low,1
肩こり,SSI_high,1
肩こり,SSI_low,0
肩上,SSI_high,1
肩上,SSI_low,0
育成,SSI_high,2
育成,SSI_low,1
胸糞,SSI_high,1
胸糞,SSI_low,0
能力,SSI_high,0
能力,SSI_low,2
脂,SSI_high,0
脂,SSI_low,1
脆弱,SSI_high,0
脆弱,SSI_low,1
脱却,SSI_high,0
脱却,SSI_low,1
脳みそ,SSI_high,0
脳みそ,SSI_low,1
腰折れ,SSI_high,0
腰折れ,SSI_low,1
腹囲,SSI_high,0
腹囲,SSI_low,1
自主,SSI_high,0
自主,SSI_low,2
自体,SSI_high,0
自体,SSI_low,3
自信,SSI_high,0
自信,SSI_low,1
自分,SSI_high,6
自分,SSI_low,26
自分事,SSI_high,1
自分事,SSI_low,0
自分自身,SSI_high,0
自分自身,SSI_low,2
自問自答,SSI_high,0
自問自答,SSI_low,1
自宅,SSI_high,3
自宅,SSI_low,1
自己,SSI_high,0
自己,SSI_low,1
自己嫌悪,SSI_high,1
自己嫌悪,SSI_low,1
自浄能力,SSI_high,0
自浄能力,SSI_low,1
自由,SSI_high,0
自由,SSI_low,1
自覚,SSI_high,1
自覚,SSI_low,0
自身,SSI_high,0
自身,SSI_low,1
船山,SSI_high,1
船山,SSI_low,0
船谷,SSI_high,2
船谷,SSI_low,0
良い,SSI_high,4
良い,SSI_low,15
良かっ,SSI_high,3
良かっ,SSI_low,4
良き,SSI_high,1
良き,SSI_low,0
良く,SSI_high,2
良く,SSI_low,3
良さ,SSI_high,0
良さ,SSI_low,1
色々,SSI_high,1
色々,SSI_low,2
花,SSI_high,1
花,SSI_low,0
花屋,SSI_high,1
花屋,SSI_low,0
芸,SSI_high,1
芸,SSI_low,0
若い,SSI_high,0
若い,SSI_low,2
若い人,SSI_high,1
若い人,SSI_low,0
若く,SSI_high,0
若く,SSI_low,1
若干,SSI_high,1
若干,SSI_low,2
若手,SSI_high,0
若手,SSI_low,1
苦労,SSI_high,0
苦労,SSI_low,1
苦手,SSI_high,0
苦手,SSI_low,1
英傑,SSI_high,0
英傑,SSI_low,1
茅ヶ崎,SSI_high,0
茅ヶ崎,SSI_low,1
荒く,SSI_high,0
荒く,SSI_low,2
荒堀,SSI_high,1
荒堀,SSI_low,0
著名,SSI_high,1
著名,SSI_low,0
蒸し暑,SSI_high,0
蒸し暑,SSI_low,1
蒸し暑い,SSI_high,0
蒸し暑い,SSI_low,2
蓄積,SSI_high,1
蓄積,SSI_low,0
薄い,SSI_high,0
薄い,SSI_low,1
血圧,SSI_high,0
血圧,SSI_low,1
行,SSI_high,0
行,SSI_low,1
行動,SSI_high,1
行動,SSI_low,0
行為,SSI_high,1
行為,SSI_low,0
術後,SSI_high,0
術後,SSI_low,1
街,SSI_high,1
街,SSI_low,0
衣装,SSI_high,0
衣装,SSI_low,1
表,SSI_high,0
表,SSI_low,1
表示,SSI_high,0
表示,SSI_low,1
裁量労働,SSI_high,1
裁量労働,SSI_low,0
複数,SSI_high,1
複数,SSI_low,1
要因,SSI_high,1
要因,SSI_low,1
要素,SSI_high,1
要素,SSI_low,1
見づらい,SSI_high,0
見づらい,SSI_low,1
見にくい,SSI_high,1
見にくい,SSI_low,0
見事,SSI_high,1
見事,SSI_low,0
見積,SSI_high,0
見積,SSI_low,1
見送り,SSI_high,1
見送り,SSI_low,0
見通し,SSI_high,0
見通し,SSI_low,2
規模,SSI_high,1
規模,SSI_low,0
視野,SSI_high,0
視野,SSI_low,1
親,SSI_high,0
親,SSI_low,1
親孝行,SSI_high,1
親孝行,SSI_low,0
親族,SSI_high,1
親族,SSI_low,0
解決,SSI_high,0
解決,SSI_low,2
解消,SSI_high,0
解消,SSI_low,1
解釈,SSI_high,1
解釈,SSI_low,1
言い分,SSI_high,0
言い分,SSI_low,1
言い訳,SSI_high,0
言い訳,SSI_low,1
言葉,SSI_high,0
言葉,SSI_low,2
言語化,SSI_high,0
言語化,SSI_low,1
言語道断,SSI_high,0
言語道断,SSI_low,1
計算,SSI_high,0
計算,SSI_low,1
記入,SSI_high,2
記入,SSI_low,1
記載,SSI_high,0
記載,SSI_low,2
訪問,SSI_high,1
訪問,SSI_low,0
設定,SSI_high,0
設定,SSI_low,2
訳,SSI_high,0
訳,SSI_low,1
評価,SSI_high,0
評価,SSI_low,3
試合,SSI_high,1
試合,SSI_low,0
試着,SSI_high,1
試着,SSI_low,0
試練,SSI_high,0
試練,SSI_low,1
詰め,SSI_high,1
詰め,SSI_low,0
話,SSI_high,2
話,SSI_low,10
認識,SSI_high,3
認識,SSI_low,0
誕生,SSI_high,1
誕生,SSI_low,0
誕生日,SSI_high,3
誕生日,SSI_low,0
誘い,SSI_high,1
誘い,SSI_low,0
説明,SSI_high,1
説明,SSI_low,0
読者,SSI_high,1
読者,SSI_low,0
誰,SSI_high,0
誰,SSI_low,1
誰か,SSI_high,0
誰か,SSI_low,2
課題,SSI_high,2
課題,SSI_low,0
調べ,SSI_high,1
調べ,SSI_low,0
調子,SSI_high,1
調子,SSI_low,1
調整,SSI_high,1
調整,SSI_low,2
調査,SSI_high,2
調査,SSI_low,1
論文,SSI_high,1
論文,SSI_low,0
諸々,SSI_high,0
諸々,SSI_low,2
謎,SSI_high,0
謎,SSI_low,1
講師,SSI_high,1
講師,SSI_low,0
謝罪,SSI_high,0
謝罪,SSI_low,2
警戒,SSI_high,2
警戒,SSI_low,0
議論,SSI_high,0
議論,SSI_low,1
議題,SSI_high,0
議題,SSI_low,1
谷口,SSI_high,0
谷口,SSI_low,1
貢献,SSI_high,1
貢献,SSI_low,2
買い物,SSI_high,0
買い物,SSI_low,2
資料,SSI_high,3
資料,SSI_low,13
資産運用,SSI_high,1
資産運用,SSI_low,0
質疑応答,SSI_high,1
質疑応答,SSI_low,0
購入,SSI_high,1
購入,SSI_low,0
赤ちょうちん,SSI_high,1
赤ちょうちん,SSI_low,0
赤井,SSI_high,0
赤井,SSI_low,1
赤坂,SSI_high,0
赤坂,SSI_low,1
起動,SSI_high,0
起動,SSI_low,1
起因,SSI_high,0
起因,SSI_low,1
起床,SSI_high,1
起床,SSI_low,1
足かせ,SSI_high,0
足かせ,SSI_low,1
足元,SSI_high,0
足元,SSI_low,1
距離,SSI_high,1
距離,SSI_low,0
身,SSI_high,0
身,SSI_low,1
身の毛,SSI_high,0
身の毛,SSI_low,1
車,SSI_high,1
車,SSI_low,1
車中,SSI_high,1
車中,SSI_low,0
転倒,SSI_high,0
転倒,SSI_low,1
軽く,SSI_high,0
軽く,SSI_low,1
辛,SSI_high,0
辛,SSI_low,1
辛い,SSI_high,0
辛い,SSI_low,1
辛かっ,SSI_high,0
辛かっ,SSI_low,1
辛く,SSI_high,1
辛く,SSI_low,0
辟易,SSI_high,0
辟易,SSI_low,2
近く,SSI_high,4
近く,SSI_low,1
近所,SSI_high,1
近所,SSI_low,0
返事,SSI_high,0
返事,SSI_low,1
迷惑,SSI_high,1
迷惑,SSI_low,0
追求,SSI_high,0
追求,SSI_low,1
退屈,SSI_high,0
退屈,SSI_low,1
退社,SSI_high,0
退社,SSI_low,2
送り先,SSI_high,1
送り先,SSI_low,0
送別,SSI_high,0
送別,SSI_low,1
送別会,SSI_high,1
送別会,SSI_low,0
逃げ場,SSI_high,1
逃げ場,SSI_low,0
逆,SSI_high,1
逆,SSI_low,3
逆算,SSI_high,0
逆算,SSI_low,1
途中,SSI_high,1
途中,SSI_low,0
通り,SSI_high,1
通り,SSI_low,3
通勤,SSI_high,0
通勤,SSI_low,1
通常,SSI_high,0
通常,SSI_low,2
通説,SSI_high,0
通説,SSI_low,1
連休,SSI_high,3
連休,SSI_low,4
連休あけ,SSI_high,1
連休あけ,SSI_low,0
連休明け,SSI_high,3
連休明け,SSI_low,6
連携,SSI_high,1
連携,SSI_low,0
連絡,SSI_high,2
連絡,SSI_low,4
連続,SSI_high,0
連続,SSI_low,1
逮捕,SSI_high,1
逮捕,SSI_low,0
週,SSI_high,0
週,SSI_low,4
週休,SSI_high,0
週休,SSI_low,1
週明け,SSI_high,0
週明け,SSI_low,6
週末,SSI_high,3
週末,SSI_low,3
週間,SSI_high,0
週間,SSI_low,2
進め方,SSI_high,0
進め方,SSI_low,1
進化,SSI_high,0
進化,SSI_low,2
進捗,SSI_high,2
進捗,SSI_low,1
進歩,SSI_high,0
進歩,SSI_low,1
進行,SSI_high,2
進行,SSI_low,1
進行中,SSI_high,0
進行中,SSI_low,1
遅く,SSI_high,1
遅く,SSI_low,3
遅れ,SSI_high,0
遅れ,SSI_low,1
遅延,SSI_high,0
遅延,SSI_low,1
運休,SSI_high,0
運休,SSI_low,1
運動,SSI_high,0
運動,SSI_low,1
運転,SSI_high,0
運転,SSI_low,1
過ぎ,SSI_high,1
過ぎ,SSI_low,0
過労,SSI_high,0
過労,SSI_low,1
過去,SSI_high,0
過去,SSI_low,1
過密,SSI_high,0
過密,SSI_low,1
達,SSI_high,1
達,SSI_low,1
違い,SSI_high,1
違い,SSI_low,1
違和感,SSI_high,1
違和感,SSI_low,0
遠い,SSI_high,0
遠い,SSI_low,1
遠方,SSI_high,0
遠方,SSI_low,2
選定,SSI_high,1
選定,SSI_low,1
邪魔,SSI_high,1
邪魔,SSI_low,0
部,SSI_high,0
部,SSI_low,1
部下,SSI_high,1
部下,SSI_low,0
部会,SSI_high,0
部会,SSI_low,11
部屋,SSI_high,0
部屋,SSI_low,1
部署,SSI_high,3
部署,SSI_low,3
部長,SSI_high,6
部長,SSI_low,5
部門,SSI_high,3
部門,SSI_low,2
都,SSI_high,1
都,SSI_low,0
都倉,SSI_high,3
都倉,SSI_low,0
都合,SSI_high,0
都合,SSI_low,1
配下,SSI_high,1
配下,SSI_low,0
配信,SSI_high,1
配信,SSI_low,0
配属,SSI_high,2
配属,SSI_low,0
配慮,SSI_high,1
配慮,SSI_low,0
酒,SSI_high,1
酒,SSI_low,1
酒造,SSI_high,1
酒造,SSI_low,0
重,SSI_high,0
重,SSI_low,1
重々,SSI_high,0
重々,SSI_low,1
重たく,SSI_high,1
重たく,SSI_low,0
重心,SSI_high,0
重心,SSI_low,1
重点,SSI_high,1
重点,SSI_low,0
重箱の隅をつつく,SSI_high,0
重箱の隅をつつく,SSI_low,1
重要,SSI_high,1
重要,SSI_low,3
野口,SSI_high,0
野口,SSI_low,1
量,SSI_high,0
量,SSI_low,2
金井,SSI_high,0
金井,SSI_low,1
金坂,SSI_high,0
金坂,SSI_low,1
金曜日,SSI_high,0
金曜日,SSI_low,3
金沢,SSI_high,0
金沢,SSI_low,1
金田,SSI_high,0
金田,SSI_low,2
針,SSI_high,0
針,SSI_low,1
鈍化,SSI_high,0
鈍化,SSI_low,1
銀行,SSI_high,0
銀行,SSI_low,1
銭湯,SSI_high,1
銭湯,SSI_low,0
長,SSI_high,3
長,SSI_low,1
長い,SSI_high,0
長い,SSI_low,3
長く,SSI_high,1
長く,SSI_low,0
長さ,SSI_high,1
長さ,SSI_low,0
長女,SSI_high,0
長女,SSI_low,1
長崎,SSI_high,1
長崎,SSI_low,0
長旅,SSI_high,1
長旅,SSI_low,0
長時間,SSI_high,0
長時間,SSI_low,1
長期,SSI_high,1
長期,SSI_low,0
長距離,SSI_high,1
長距離,SSI_low,0
長風呂,SSI_high,0
長風呂,SSI_low,1
開拓,SSI_high,0
開拓,SSI_low,1
開発プロジェクト,SSI_high,0
開発プロジェクト,SSI_low,1
開示,SSI_high,0
開示,SSI_low,1
間,SSI_high,3
間,SSI_low,8
間近,SSI_high,1
間近,SSI_low,0
関係,SSI_high,1
関係,SSI_low,2
関心,SSI_high,1
関心,SSI_low,0
関東,SSI_high,0
関東,SSI_low,2
関西,SSI_high,5
関西,SSI_low,2
関西人,SSI_high,0
関西人,SSI_low,1
関西地方,SSI_high,0
関西地方,SSI_low,1
関連,SSI_high,0
関連,SSI_low,1
阪,SSI_high,0
阪,SSI_low,1
阪神,SSI_high,0
阪神,SSI_low,1
限界,SSI_high,0
限界,SSI_low,2
陰性,SSI_high,0
陰性,SSI_low,1
陽性,SSI_high,0
陽性,SSI_low,1
隔離,SSI_high,0
隔離,SSI_low,1
隙間,SSI_high,1
隙間,SSI_low,1
際,SSI_high,0
際,SSI_low,1
集中,SSI_high,2
集中,SSI_low,2
集中力,SSI_high,2
集中力,SSI_low,0
集中豪雨,SSI_high,0
集中豪雨,SSI_low,1
集大成,SSI_high,1
集大成,SSI_low,0
雑,SSI_high,0
雑,SSI_low,1
雑務,SSI_high,1
雑務,SSI_low,0
雑談,SSI_high,2
雑談,SSI_low,1
離任,SSI_high,0
離任,SSI_low,1
難し,SSI_high,0
難し,SSI_low,1
難しい,SSI_high,0
難しい,SSI_low,4
雨,SSI_high,3
雨,SSI_low,5
雨音,SSI_high,0
雨音,SSI_low,1
雰囲気,SSI_high,1
雰囲気,SSI_low,2
雷鳴,SSI_high,0
雷鳴,SSI_low,1
電話,SSI_high,0
電話,SSI_low,3
電車,SSI_high,0
電車,SSI_low,2
電通,SSI_high,1
電通,SSI_low,0
非常,SSI_high,2
非常,SSI_low,5
面,SSI_high,0
面,SSI_low,1
面倒,SSI_high,0
面倒,SSI_low,1
面接,SSI_high,1
面接,SSI_low,1
面接官,SSI_high,1
面接官,SSI_low,0
面白かっ,SSI_high,0
面白かっ,SSI_low,1
面白く,SSI_high,0
面白く,SSI_low,1
面談,SSI_high,3
面談,SSI_low,3
靴,SSI_high,0
靴,SSI_low,1
音,SSI_high,0
音,SSI_low,1
音色,SSI_high,0
音色,SSI_low,1
順調,SSI_high,2
順調,SSI_low,6
頭,SSI_high,1
頭,SSI_low,7
頭の回転,SSI_high,0
頭の回転,SSI_low,1
頼り,SSI_high,1
頼り,SSI_low,0
顔,SSI_high,0
顔,SSI_low,3
風,SSI_high,0
風,SSI_low,3
風呂,SSI_high,0
風呂,SSI_low,1
風情,SSI_high,0
風情,SSI_low,1
風邪,SSI_high,1
風邪,SSI_low,1
食,SSI_high,0
食,SSI_low,1
食べに,SSI_high,0
食べに,SSI_low,2
食事,SSI_high,1
食事,SSI_low,2
食欲,SSI_high,0
食欲,SSI_low,1
食生活,SSI_high,1
食生活,SSI_low,0
飯,SSI_high,0
飯,SSI_low,1
飯島,SSI_high,0
飯島,SSI_low,1
飲み会,SSI_high,2
飲み会,SSI_low,0
餃子,SSI_high,0
餃子,SSI_low,1
首,SSI_high,0
首,SSI_low,1
香盤,SSI_high,0
香盤,SSI_low,1
駅,SSI_high,1
駅,SSI_low,0
驚き,SSI_high,1
驚き,SSI_low,0
高,SSI_high,1
高,SSI_low,0
高い,SSI_high,0
高い,SSI_low,3
高かっ,SSI_high,0
高かっ,SSI_low,2
高く,SSI_high,1
高く,SSI_low,1
高槻,SSI_high,0
高槻,SSI_low,1
高熱,SSI_high,0
高熱,SSI_low,1
高関,SSI_high,0
高関,SSI_low,1
鬱蒼,SSI_high,0
鬱蒼,SSI_low,1
鳳,SSI_high,1
鳳,SSI_low,0
黒字,SSI_high,1
黒字,SSI_low,0
鼻息,SSI_high,0
鼻息,SSI_low,1
鼻血,SSI_high,0
鼻血,SSI_low,1
